"ï»¿""Symbol""",Series,Date,PrevClose,OpenPrice,HighPrice,LowPrice,LastPrice,ClosePrice,AveragePrice,TotalTradedQuantity,TurnoverInRs,No.ofTrades,DeliverableQty,%DlyQttoTradedQty
TCS,EQ,30-Sep-2022,"2,997.30","2,990.85","3,019.70","2,950.10","3,007.45","3,004.55","2,983.20",2817353,8404726255.55,171103,1650781.0,58.59
TCS,EQ,29-Sep-2022,"3,035.65","3,054.00","3,055.85","2,990.00","3,010.00","2,997.30","3,009.23",2493902,7504729874.7,133642,1617742.0,64.87
TCS,EQ,28-Sep-2022,"3,017.45","2,980.00","3,049.95","2,980.00","3,028.35","3,035.65","3,028.75",2739767,8298067346.75,151305,1836022.0,67.01
TCS,EQ,27-Sep-2022,"2,994.40","3,009.40","3,025.00","2,976.00","3,024.40","3,017.45","3,005.33",2227447,6694221179.95,131328,1369166.0,61.47
TCS,EQ,26-Sep-2022,"2,982.05","2,959.85","3,025.85","2,926.10","3,000.00","2,994.40","2,977.75",2925489,8711383905.8,167767,1748393.0,59.76
TCS,EQ,23-Sep-2022,"3,007.40","3,004.00","3,022.50","2,979.00","2,986.65","2,982.05","3,001.09",2652374,7960014548.9,187233,1650283.0,62.22
TCS,EQ,22-Sep-2022,"3,001.20","2,990.00","3,029.95","2,979.30","3,008.50","3,007.40","3,010.71",2017983,6075562180.05,137752,1200581.0,59.49
TCS,EQ,21-Sep-2022,"3,040.30","3,028.00","3,041.40","2,998.15","3,001.90","3,001.20","3,011.58",2253818,6787559960.1,201995,1590408.0,70.57
TCS,EQ,20-Sep-2022,"3,028.80","3,050.00","3,079.95","3,030.00","3,033.00","3,040.30","3,059.63",1544295,4724964009.65,123732,818645.0,53.01
TCS,EQ,19-Sep-2022,"3,008.70","3,036.00","3,042.00","2,987.80","3,027.95","3,028.80","3,024.49",2072220,6267402983.35,151579,1163039.0,56.13
TCS,EQ,16-Sep-2022,"3,104.35","3,076.00","3,094.35","3,000.00","3,015.80","3,008.70","3,027.20",5322221,16111401562.7,347665,3527573.0,66.28
TCS,EQ,15-Sep-2022,"3,120.40","3,130.00","3,137.75","3,100.00","3,105.50","3,104.35","3,111.64",2138023,6652758362.25,154835,1330626.0,62.24
TCS,EQ,14-Sep-2022,"3,229.35","3,135.00","3,141.40","3,113.80","3,125.00","3,120.40","3,124.97",5090269,15906935573.95,292423,2993544.0,58.81
TCS,EQ,13-Sep-2022,"3,242.95","3,263.45","3,263.45","3,225.00","3,233.00","3,229.35","3,237.09",1972678,6385743761.1,116114,1409613.0,71.46
TCS,EQ,12-Sep-2022,"3,217.65","3,239.90","3,269.80","3,225.00","3,238.00","3,242.95","3,251.63",1785928,5807179274.5,117081,979563.0,54.85
TCS,EQ,09-Sep-2022,"3,169.65","3,195.00","3,233.50","3,168.50","3,220.00","3,217.65","3,201.30",1561185,4997828185.6,103256,728411.0,46.66
TCS,EQ,08-Sep-2022,"3,149.60","3,170.00","3,183.50","3,160.10","3,164.40","3,169.65","3,169.60",1346113,4266640131.55,68717,795911.0,59.13
TCS,EQ,07-Sep-2022,"3,127.05","3,102.00","3,161.90","3,102.00","3,153.00","3,149.60","3,135.29",1291534,4049333272.55,89078,555995.0,43.05
TCS,EQ,06-Sep-2022,"3,133.40","3,135.50","3,140.85","3,106.35","3,127.00","3,127.05","3,123.40",1936453,6048310102.4,130549,1251306.0,64.62
TCS,EQ,05-Sep-2022,"3,130.40","3,123.65","3,147.95","3,112.25","3,140.00","3,133.40","3,135.20",2147912,6734130929.55,108628,1483879.0,69.08
TCS,EQ,02-Sep-2022,"3,131.70","3,163.00","3,163.00","3,120.30","3,127.40","3,130.40","3,136.35",2052900,6438622874.7,135641,1283634.0,62.53
TCS,EQ,01-Sep-2022,"3,211.15","3,190.00","3,190.00","3,121.00","3,136.00","3,131.70","3,138.65",3546935,11132600019.55,262677,2222198.0,62.65
TCS,EQ,30-Aug-2022,"3,132.55","3,155.00","3,226.50","3,142.10","3,210.00","3,211.15","3,191.87",3431525,10952979383.2,123249,2145710.0,62.53
TCS,EQ,29-Aug-2022,"3,222.20","3,125.00","3,142.70","3,081.00","3,139.85","3,132.55","3,122.43",2539173,7928396114.25,218828,1546883.0,60.92
TCS,EQ,26-Aug-2022,"3,218.20","3,234.30","3,257.00","3,216.80","3,223.95","3,222.20","3,237.48",1457962,4720129748.6,100672,840396.0,57.64
TCS,EQ,25-Aug-2022,"3,255.35","3,276.00","3,278.15","3,214.75","3,218.00","3,218.20","3,240.20",1946930,6308445527.35,139860,1217432.0,62.53
TCS,EQ,24-Aug-2022,"3,284.60","3,292.00","3,308.00","3,250.20","3,254.10","3,255.35","3,261.82",1691923,5518743574.25,122084,995741.0,58.85
TCS,EQ,23-Aug-2022,"3,354.55","3,319.95","3,341.90","3,270.00","3,301.15","3,284.60","3,297.88",1849256,6098625602.1,164215,1011973.0,54.72
TCS,EQ,22-Aug-2022,"3,385.75","3,365.00","3,384.10","3,347.40","3,354.00","3,354.55","3,363.18",1536532,5167628743.6,106447,1105238.0,71.93
TCS,EQ,19-Aug-2022,"3,381.25","3,387.00","3,421.50","3,371.25","3,386.95","3,385.75","3,393.88",1398410,4746031534.2,79927,703549.0,50.31
TCS,EQ,18-Aug-2022,"3,401.10","3,390.00","3,392.00","3,362.00","3,381.00","3,381.25","3,375.17",1430659,4828722795.6,84565,903095.0,63.12
TCS,EQ,17-Aug-2022,"3,392.70","3,385.10","3,417.95","3,371.10","3,393.35","3,401.10","3,402.12",1622326,5519350289.2,98890,941635.0,58.04
TCS,EQ,16-Aug-2022,"3,401.55","3,411.00","3,414.85","3,387.50","3,391.80","3,392.70","3,398.38",839942,2854442797.65,53268,475910.0,56.66
TCS,EQ,12-Aug-2022,"3,422.50","3,419.00","3,419.00","3,381.25","3,402.00","3,401.55","3,397.98",1472354,5003036073.45,75873,922101.0,62.63
TCS,EQ,11-Aug-2022,"3,354.25","3,400.00","3,428.70","3,375.05","3,417.00","3,422.50","3,413.08",1449248,4946406504.85,122934,776232.0,53.56
TCS,EQ,10-Aug-2022,"3,374.45","3,385.00","3,385.00","3,335.00","3,351.80","3,354.25","3,350.01",1878359,6292520966.9,125360,1337988.0,71.23
TCS,EQ,08-Aug-2022,"3,365.05","3,365.00","3,378.90","3,336.00","3,375.85","3,374.45","3,363.48",1068836,3595004758.3,82770,674222.0,63.08
TCS,BL,08-Aug-2022,"3,171.00","3,365.05","3,365.05","3,365.05","3,365.05","3,365.05","3,365.05",1255473,4224729418.65,1,,-
TCS,EQ,05-Aug-2022,"3,354.95","3,361.20","3,377.00","3,355.00","3,363.80","3,365.05","3,365.23",1106933,3725084734.5,75240,628702.0,56.80
TCS,EQ,04-Aug-2022,"3,339.50","3,350.00","3,387.90","3,307.35","3,355.00","3,354.95","3,349.96",2150567,7204319593.95,152934,1027973.0,47.80
TCS,EQ,03-Aug-2022,"3,291.80","3,280.00","3,349.00","3,277.05","3,337.00","3,339.50","3,321.55",2895824,9618626910.4,156174,1538246.0,53.12
TCS,EQ,02-Aug-2022,"3,298.80","3,290.00","3,312.90","3,271.65","3,284.00","3,291.80","3,289.68",1269114,4174984483.8,93507,656936.0,51.76
TCS,EQ,01-Aug-2022,"3,301.90","3,327.00","3,327.00","3,271.00","3,298.65","3,298.80","3,296.68",1306913,4308478419.3,116856,692180.0,52.96
TCS,EQ,29-Jul-2022,"3,260.50","3,290.00","3,317.30","3,275.00","3,302.00","3,301.90","3,296.55",2430257,8011473474.95,114501,1424468.0,58.61
TCS,EQ,28-Jul-2022,"3,188.85","3,216.00","3,264.00","3,201.65","3,262.00","3,260.50","3,242.10",2106333,6828945291.1,148541,1021359.0,48.49
TCS,EQ,27-Jul-2022,"3,115.90","3,115.00","3,194.10","3,110.00","3,188.00","3,188.85","3,158.21",1389808,4389301769.2,91855,763038.0,54.90
TCS,EQ,26-Jul-2022,"3,166.75","3,164.70","3,168.90","3,096.50","3,118.00","3,115.90","3,123.14",2639367,8243104172.25,123369,1592860.0,60.35
TCS,EQ,25-Jul-2022,"3,171.00","3,165.00","3,186.45","3,149.10","3,165.00","3,166.75","3,166.57",1797504,5691923031.8,100813,1068651.0,59.45
TCS,BL,25-Jul-2022,"3,730.20","3,171.00","3,171.00","3,171.00","3,171.00","3,171.00","3,171.00",1255472,3981101712.0,1,,-
TCS,EQ,22-Jul-2022,"3,177.30","3,185.00","3,197.00","3,143.50","3,171.15","3,171.00","3,166.46",2075886,6573218210.8,111772,1190020.0,57.33
TCS,EQ,21-Jul-2022,"3,164.80","3,167.00","3,184.00","3,144.05","3,178.95","3,177.30","3,170.40",2420640,7674387202.5,133492,1285640.0,53.11
TCS,EQ,20-Jul-2022,"3,074.25","3,107.80","3,171.95","3,098.05","3,161.00","3,164.80","3,143.09",3402251,10693565035.15,181848,2098351.0,61.68
TCS,EQ,19-Jul-2022,"3,063.50","3,030.05","3,078.95","3,030.05","3,076.00","3,074.25","3,064.79",1865074,5716058996.4,114155,989715.0,53.07
TCS,EQ,18-Jul-2022,"2,994.60","3,023.00","3,076.95","3,014.30","3,065.90","3,063.50","3,054.22",3202795,9782050619.95,188515,1699159.0,53.05
TCS,EQ,15-Jul-2022,"2,998.75","3,018.55","3,028.90","2,953.00","2,998.50","2,994.60","2,989.48",4574806,13676285883.25,214162,2862510.0,62.57
TCS,EQ,14-Jul-2022,"3,038.75","3,056.00","3,057.00","2,967.00","3,003.00","2,998.75","3,005.59",4764908,14321341706.55,300086,2817124.0,59.12
TCS,EQ,13-Jul-2022,"3,084.70","3,104.00","3,110.00","3,035.00","3,040.50","3,038.75","3,062.02",3863530,11830187593.45,235688,2508061.0,64.92
TCS,EQ,12-Jul-2022,"3,113.80","3,114.90","3,136.20","3,080.25","3,084.50","3,084.70","3,107.29",3734815,11605153006.95,205086,2079781.0,55.69
TCS,EQ,11-Jul-2022,"3,265.45","3,206.15","3,225.00","3,106.00","3,112.00","3,113.80","3,129.60",6974600,21827698062.7,380075,3636712.0,52.14
TCS,EQ,08-Jul-2022,"3,287.85","3,300.00","3,305.00","3,250.00","3,266.00","3,265.45","3,276.37",2136916,7001326022.15,124842,1169844.0,54.74
TCS,EQ,07-Jul-2022,"3,260.75","3,271.00","3,319.40","3,265.05","3,294.00","3,287.85","3,297.43",1989921,6561634408.95,134817,1059067.0,53.22
TCS,EQ,06-Jul-2022,"3,216.30","3,218.50","3,268.50","3,202.25","3,265.00","3,260.75","3,241.31",2182144,7072998934.05,133193,1290203.0,59.13
TCS,EQ,05-Jul-2022,"3,235.05","3,255.00","3,272.00","3,206.95","3,218.00","3,216.30","3,242.04",2170627,7037266407.55,112716,1260668.0,58.08
TCS,EQ,04-Jul-2022,"3,315.10","3,312.00","3,317.95","3,225.05","3,234.70","3,235.05","3,253.31",2622535,8531914981.1,141398,1700576.0,64.84
TCS,EQ,01-Jul-2022,"3,267.10","3,260.00","3,333.00","3,252.05","3,331.00","3,315.10","3,280.60",1502879,4930350507.75,112046,940958.0,62.61
TCS,EQ,30-Jun-2022,"3,290.50","3,272.00","3,310.90","3,255.00","3,264.50","3,267.10","3,277.18",2719603,8912636836.55,162335,1691349.0,62.19
TCS,EQ,29-Jun-2022,"3,318.15","3,271.00","3,333.00","3,271.00","3,287.00","3,290.50","3,305.83",2133994,7054630628.2,107778,1270605.0,59.54
TCS,EQ,28-Jun-2022,"3,314.70","3,307.00","3,330.00","3,272.60","3,318.15","3,318.15","3,303.05",1400046,4624422760.5,84893,763205.0,54.51
TCS,EQ,27-Jun-2022,"3,293.10","3,350.00","3,362.90","3,306.50","3,314.00","3,314.70","3,332.08",2037686,6789735530.1,97090,1223301.0,60.03
TCS,EQ,24-Jun-2022,"3,308.80","3,339.00","3,345.00","3,277.50","3,295.05","3,293.10","3,301.37",2132118,7038903961.45,138562,1204459.0,56.49
TCS,EQ,23-Jun-2022,"3,222.95","3,222.95","3,318.00","3,222.95","3,312.95","3,308.80","3,278.60",3692578,12106470991.25,185416,2472506.0,66.96
TCS,EQ,22-Jun-2022,"3,211.95","3,199.90","3,250.55","3,183.00","3,225.30","3,222.95","3,220.58",3336315,10744867621.7,156829,2075091.0,62.20
TCS,EQ,21-Jun-2022,"3,112.40","3,130.00","3,237.75","3,125.40","3,215.00","3,211.95","3,199.94",2964461,9486098258.85,128742,1747330.0,58.94
TCS,EQ,20-Jun-2022,"3,088.90","3,094.00","3,138.75","3,069.00","3,134.95","3,112.40","3,107.87",1502769,4670409474.1,115135,640878.0,42.65
TCS,EQ,17-Jun-2022,"3,142.00","3,092.00","3,118.75","3,023.85","3,104.00","3,088.90","3,070.68",5240434,16091675326.95,251011,2845988.0,54.31
TCS,EQ,16-Jun-2022,"3,206.30","3,240.00","3,244.85","3,133.05","3,144.50","3,142.00","3,183.97",2032028,6469922975.25,130733,1207357.0,59.42
TCS,EQ,15-Jun-2022,"3,210.55","3,218.50","3,234.00","3,201.00","3,205.00","3,206.30","3,216.29",1404536,4517400463.55,70725,825277.0,58.76
TCS,EQ,14-Jun-2022,"3,219.60","3,190.00","3,238.90","3,174.70","3,215.00","3,210.55","3,217.07",2611493,8401363540.45,124729,1741127.0,66.67
TCS,EQ,13-Jun-2022,"3,359.90","3,290.00","3,293.00","3,192.45","3,224.00","3,219.60","3,232.62",3030921,9797812416.85,205631,2138257.0,70.55
TCS,EQ,10-Jun-2022,"3,427.10","3,382.00","3,393.00","3,352.00","3,357.75","3,359.90","3,368.98",1527582,5146399355.65,104326,993710.0,65.05
TCS,EQ,09-Jun-2022,"3,404.15","3,385.00","3,437.00","3,353.10","3,434.10","3,427.10","3,407.19",1279197,4358469058.0,93783,696532.0,54.45
TCS,EQ,08-Jun-2022,"3,362.70","3,380.15","3,413.95","3,346.50","3,390.40","3,404.15","3,380.99",2185707,7389860340.55,108659,1330224.0,60.86
TCS,EQ,07-Jun-2022,"3,430.95","3,401.05","3,418.85","3,356.00","3,360.00","3,362.70","3,375.14",2308256,7790697239.05,97752,1498669.0,64.93
TCS,EQ,06-Jun-2022,"3,440.15","3,418.00","3,453.00","3,377.15","3,432.95","3,430.95","3,418.11",1084210,3705944242.6,73792,538450.0,49.66
TCS,EQ,03-Jun-2022,"3,423.00","3,459.40","3,477.30","3,431.20","3,439.50","3,440.15","3,461.63",1913622,6624247294.0,100866,1116753.0,58.36
TCS,EQ,02-Jun-2022,"3,355.20","3,355.00","3,432.00","3,346.30","3,425.00","3,423.00","3,406.45",2657939,9054131663.7,136202,1563997.0,58.84
TCS,EQ,01-Jun-2022,"3,364.35","3,388.00","3,388.00","3,340.05","3,359.15","3,355.20","3,361.69",1493835,5021809191.8,104290,989283.0,66.22
TCS,EQ,31-May-2022,"3,375.25","3,354.15","3,383.40","3,325.00","3,365.00","3,364.35","3,361.72",4840965,16273981442.25,121044,3642745.0,75.25
TCS,EQ,30-May-2022,"3,261.30","3,297.00","3,386.60","3,286.35","3,380.40","3,375.25","3,357.16",2094624,7031980224.75,157476,1253589.0,59.85
TCS,EQ,27-May-2022,"3,226.95","3,253.20","3,278.90","3,229.20","3,266.70","3,261.30","3,254.66",3103153,10099703415.15,180755,2076287.0,66.91
TCS,EQ,26-May-2022,"3,167.65","3,191.00","3,241.50","3,180.55","3,229.95","3,226.95","3,203.65",2813186,9012456721.45,180988,1819586.0,64.68
TCS,EQ,25-May-2022,"3,288.00","3,292.85","3,292.85","3,154.05","3,165.25","3,167.65","3,195.48",3548046,11337725211.9,234787,2233846.0,62.96
TCS,EQ,24-May-2022,"3,321.75","3,315.15","3,324.85","3,275.60","3,291.90","3,288.00","3,295.55",1711510,5640372449.0,113563,1040626.0,60.80
TCS,EQ,23-May-2022,"3,293.00","3,304.80","3,338.90","3,267.00","3,317.10","3,321.75","3,310.62",2293690,7593529392.3,139905,1387824.0,60.51
TCS,EQ,20-May-2022,"3,261.95","3,310.00","3,313.90","3,270.05","3,299.00","3,293.00","3,291.06",3065125,10087497473.5,157647,1971441.0,64.32
TCS,EQ,19-May-2022,"3,448.80","3,397.00","3,405.00","3,230.00","3,271.90","3,261.95","3,300.30",4642963,15323179100.3,377211,2952123.0,63.58
TCS,EQ,18-May-2022,"3,451.60","3,465.00","3,495.00","3,443.05","3,455.00","3,448.80","3,467.64",1866781,6473331671.2,114108,1166592.0,62.49
TCS,EQ,17-May-2022,"3,376.80","3,370.00","3,467.00","3,350.40","3,466.75","3,451.60","3,410.54",1754076,5982349029.05,126169,1022602.0,58.30
TCS,EQ,16-May-2022,"3,414.90","3,415.00","3,430.00","3,366.60","3,385.00","3,376.80","3,399.01",1195813,4064578939.8,84979,698049.0,58.37
TCS,EQ,13-May-2022,"3,408.65","3,435.00","3,439.90","3,382.15","3,409.00","3,414.90","3,409.83",2187823,7460096134.45,148468,1326058.0,60.61
TCS,EQ,12-May-2022,"3,412.00","3,378.00","3,449.70","3,350.10","3,413.25","3,408.65","3,415.90",2807195,9589106457.9,194805,1630791.0,58.09
TCS,EQ,11-May-2022,"3,438.75","3,435.00","3,448.45","3,382.15","3,422.25","3,412.00","3,411.67",1841769,6283511939.4,144928,1066170.0,57.89
TCS,EQ,10-May-2022,"3,445.10","3,434.00","3,464.80","3,422.00","3,439.50","3,438.75","3,448.48",1622685,5595800071.9,145050,1116707.0,68.82
TCS,EQ,09-May-2022,"3,432.60","3,398.00","3,456.00","3,346.85","3,445.05","3,445.10","3,410.95",2481830,8465389113.2,163369,1520203.0,61.25
TCS,EQ,06-May-2022,"3,513.40","3,459.00","3,474.50","3,424.50","3,443.15","3,432.60","3,444.54",2010812,6926321262.7,184661,1157843.0,57.58
TCS,EQ,05-May-2022,"3,479.75","3,512.10","3,533.00","3,485.35","3,508.75","3,513.40","3,511.10",1612262,5660812779.4,93993,994905.0,61.71
TCS,EQ,04-May-2022,"3,542.40","3,538.50","3,545.45","3,465.30","3,483.80","3,479.75","3,511.35",2305825,8096556485.0,174763,1533599.0,66.51
TCS,EQ,02-May-2022,"3,546.70","3,519.90","3,547.95","3,492.75","3,538.70","3,542.40","3,520.91",1324161,4662247237.85,118662,837858.0,63.27
TCS,EQ,29-Apr-2022,"3,584.30","3,597.00","3,623.25","3,536.85","3,548.00","3,546.70","3,576.78",2051115,7336393454.55,107015,1349216.0,65.78
TCS,EQ,28-Apr-2022,"3,561.20","3,588.00","3,604.40","3,538.05","3,580.00","3,584.30","3,574.03",1703660,6088933925.5,122574,1117294.0,65.58
TCS,EQ,27-Apr-2022,"3,546.30","3,546.00","3,568.45","3,506.30","3,560.00","3,561.20","3,540.41",1727648,6116579202.75,111612,1068875.0,61.87
TCS,EQ,26-Apr-2022,"3,548.20","3,575.15","3,587.90","3,518.15","3,544.00","3,546.30","3,550.67",1943469,6900626735.65,139910,1223001.0,62.93
TCS,EQ,25-Apr-2022,"3,612.55","3,558.00","3,584.00","3,533.10","3,546.05","3,548.20","3,557.80",1960694,6975753255.7,146368,1249532.0,63.73
TCS,EQ,22-Apr-2022,"3,628.65","3,581.10","3,617.00","3,571.50","3,613.00","3,612.55","3,602.06",1581465,5696536818.6,93552,992489.0,62.76
TCS,EQ,21-Apr-2022,"3,556.80","3,580.00","3,644.00","3,567.40","3,621.00","3,628.65","3,619.23",2280996,8255439639.1,136751,1468817.0,64.39
TCS,EQ,20-Apr-2022,"3,471.90","3,500.00","3,569.15","3,480.00","3,558.00","3,556.80","3,546.74",2640370,9364702419.1,185024,1703183.0,64.51
TCS,EQ,19-Apr-2022,"3,528.05","3,550.00","3,563.55","3,439.15","3,462.00","3,471.90","3,508.54",3170014,11122129456.75,208443,2190202.0,69.09
TCS,EQ,18-Apr-2022,"3,661.95","3,610.00","3,610.00","3,522.50","3,531.80","3,528.05","3,548.77",3820792,13559130603.8,324929,2676562.0,70.05
TCS,EQ,13-Apr-2022,"3,691.10","3,707.00","3,709.85","3,655.55","3,664.95","3,661.95","3,673.55",1621672,5957287429.65,103822,871209.0,53.72
TCS,EQ,12-Apr-2022,"3,696.40","3,683.00","3,739.00","3,648.35","3,686.00","3,691.10","3,706.35",4483476,16617340654.7,254563,1662462.0,37.08
TCS,EQ,11-Apr-2022,"3,685.65","3,690.00","3,712.35","3,656.10","3,699.00","3,696.40","3,690.42",2291660,8457191677.85,171882,1175930.0,51.31
TCS,EQ,08-Apr-2022,"3,684.15","3,690.00","3,705.00","3,642.50","3,690.05","3,685.65","3,677.34",2296773,8446026504.2,134082,1503584.0,65.47
TCS,EQ,07-Apr-2022,"3,755.35","3,745.50","3,745.50","3,679.00","3,682.95","3,684.15","3,705.25",2494829,9243973241.15,149240,1814089.0,72.71
TCS,EQ,06-Apr-2022,"3,814.80","3,809.30","3,809.30","3,731.15","3,752.00","3,755.35","3,761.93",2051729,7718464770.35,132368,1245604.0,60.71
TCS,EQ,05-Apr-2022,"3,770.35","3,772.00","3,835.60","3,772.00","3,812.50","3,814.80","3,813.04",2314947,8826982342.8,163963,1228409.0,53.06
TCS,EQ,04-Apr-2022,"3,758.75","3,762.00","3,780.00","3,737.10","3,771.00","3,770.35","3,767.16",1472994,5548997654.95,101419,919895.0,62.45
TCS,EQ,01-Apr-2022,"3,739.95","3,748.00","3,763.00","3,728.05","3,759.00","3,758.75","3,747.37",1387014,5197652138.25,91136,897433.0,64.70
TCS,EQ,31-Mar-2022,"3,731.55","3,740.00","3,754.65","3,720.20","3,742.85","3,739.95","3,743.43",2168110,8116163209.35,146788,1597155.0,73.67
TCS,EQ,30-Mar-2022,"3,705.35","3,738.00","3,738.00","3,706.20","3,730.00","3,731.55","3,723.34",1583455,5895744278.15,109724,1071594.0,67.67
TCS,EQ,29-Mar-2022,"3,707.70","3,694.75","3,722.00","3,691.00","3,701.00","3,705.35","3,707.08",2689063,9968577738.75,166424,1876469.0,69.78
TCS,EQ,28-Mar-2022,"3,707.45","3,695.00","3,713.00","3,661.20","3,700.00","3,707.70","3,689.86",1760990,6497804966.2,119630,878863.0,49.91
TCS,EQ,25-Mar-2022,"3,749.85","3,759.90","3,779.50","3,672.00","3,710.00","3,707.45","3,716.53",1690133,6281432591.55,101622,951033.0,56.27
TCS,EQ,24-Mar-2022,"3,712.40","3,700.00","3,758.20","3,695.00","3,740.50","3,749.85","3,741.33",1879046,7030133316.7,86810,1248970.0,66.47
TCS,EQ,23-Mar-2022,"3,700.95","3,708.00","3,729.80","3,690.00","3,710.00","3,712.40","3,708.22",1596195,5919042115.35,82816,803477.0,50.34
TCS,EQ,22-Mar-2022,"3,626.70","3,640.00","3,711.00","3,625.00","3,704.95","3,700.95","3,674.13",2907611,10682934318.3,124599,1931906.0,66.44
TCS,EQ,21-Mar-2022,"3,672.75","3,696.00","3,713.95","3,615.00","3,620.00","3,626.70","3,650.28",2413831,8811169624.5,131933,1443014.0,59.78
TCS,EQ,17-Mar-2022,"3,655.90","3,696.60","3,710.00","3,660.30","3,674.95","3,672.75","3,685.79",3600452,13270520963.0,139747,2281677.0,63.37
TCS,EQ,16-Mar-2022,"3,593.90","3,640.50","3,668.00","3,616.25","3,657.55","3,655.90","3,640.94",3090475,11252241518.05,94898,2374997.0,76.85
TCS,EQ,15-Mar-2022,"3,643.00","3,659.00","3,659.00","3,585.40","3,598.00","3,593.90","3,627.90",3651133,13245962358.7,154118,2937815.0,80.46
TCS,EQ,14-Mar-2022,"3,599.15","3,580.00","3,648.35","3,580.00","3,645.00","3,643.00","3,620.43",1765688,6392547278.65,119156,947609.0,53.67
TCS,EQ,11-Mar-2022,"3,620.95","3,603.25","3,639.85","3,592.85","3,603.00","3,599.15","3,615.45",1623423,5869407353.85,119798,997926.0,61.47
TCS,EQ,10-Mar-2022,"3,632.60","3,684.00","3,684.00","3,615.00","3,621.05","3,620.95","3,639.93",2005441,7299662362.8,129608,1143533.0,57.02
TCS,EQ,09-Mar-2022,"3,599.95","3,605.00","3,654.00","3,597.05","3,640.70","3,632.60","3,631.79",2719654,9877225026.5,171411,1493364.0,54.91
TCS,EQ,08-Mar-2022,"3,484.90","3,460.00","3,609.00","3,460.00","3,594.00","3,599.95","3,570.91",3300992,11787552347.95,182907,1897296.0,57.48
TCS,EQ,07-Mar-2022,"3,524.35","3,450.00","3,548.00","3,431.55","3,481.10","3,484.90","3,491.46",3054130,10663373904.35,240636,1842815.0,60.34
TCS,EQ,04-Mar-2022,"3,544.40","3,501.50","3,561.20","3,487.05","3,519.80","3,524.35","3,525.56",2370257,8356482128.95,150154,1412782.0,59.60
TCS,EQ,03-Mar-2022,"3,546.15","3,562.85","3,578.60","3,530.10","3,544.00","3,544.40","3,553.27",1928039,6850848054.25,162316,1095452.0,56.82
TCS,EQ,02-Mar-2022,"3,554.20","3,552.50","3,571.95","3,506.00","3,549.00","3,546.15","3,537.16",2761341,9767303515.95,159497,1608352.0,58.25
TCS,EQ,28-Feb-2022,"3,520.75","3,490.00","3,563.75","3,455.90","3,550.15","3,554.20","3,529.86",3288942,11609499907.55,157832,1957822.0,59.53
TCS,EQ,25-Feb-2022,"3,401.65","3,468.00","3,530.00","3,462.00","3,525.00","3,520.75","3,508.31",2549723,8945212715.3,178046,1286087.0,50.44
TCS,EQ,24-Feb-2022,"3,563.80","3,474.00","3,483.85","3,391.10","3,400.45","3,401.65","3,440.54",5039136,17337349379.3,344070,3127576.0,62.07
TCS,EQ,23-Feb-2022,"3,586.40","3,611.00","3,622.90","3,555.65","3,571.90","3,563.80","3,581.54",2426203,8689549721.75,166091,1476108.0,60.84
TCS,EQ,22-Feb-2022,"3,719.40","3,650.00","3,667.90","3,570.00","3,590.00","3,586.40","3,596.79",5408531,19453348172.2,334519,3214082.0,59.43
TCS,EQ,21-Feb-2022,"3,793.90","3,810.00","3,827.80","3,705.55","3,719.35","3,719.40","3,746.53",7465922,27971335681.4,521065,4843446.0,64.87
TCS,EQ,18-Feb-2022,"3,784.20","3,769.00","3,815.95","3,757.60","3,800.00","3,793.90","3,788.53",3688883,13975451807.2,286278,2727483.0,73.94
TCS,EQ,17-Feb-2022,"3,813.10","3,825.00","3,835.00","3,779.00","3,783.85","3,784.20","3,796.61",3134372,11900002924.7,259784,2140343.0,68.29
TCS,EQ,16-Feb-2022,"3,817.80","3,844.00","3,854.10","3,806.00","3,810.00","3,813.10","3,822.91",3256906,12450874614.35,224789,1989270.0,61.08
TCS,EQ,15-Feb-2022,"3,733.75","3,786.00","3,835.00","3,748.00","3,832.95","3,817.80","3,784.27",3931683,14878547124.95,347451,2283223.0,58.07
TCS,EQ,14-Feb-2022,"3,694.95","3,724.00","3,793.25","3,710.00","3,729.15","3,733.75","3,749.84",5951745,22318114654.2,452110,3157466.0,53.05
TCS,EQ,11-Feb-2022,"3,770.35","3,752.50","3,752.50","3,690.00","3,693.00","3,694.95","3,703.65",3851488,14264552938.2,242420,2684979.0,69.71
TCS,EQ,10-Feb-2022,"3,760.55","3,789.80","3,789.80","3,758.00","3,765.70","3,770.35","3,771.41",2112459,7966959377.85,127158,1512559.0,71.60
TCS,EQ,09-Feb-2022,"3,743.45","3,750.00","3,777.95","3,746.10","3,761.65","3,760.55","3,761.99",1638721,6164860124.35,124222,1190875.0,72.67
TCS,EQ,08-Feb-2022,"3,779.00","3,791.55","3,799.70","3,721.00","3,738.00","3,743.45","3,741.49",2946443,11024097961.5,209984,2092329.0,71.01
TCS,EQ,07-Feb-2022,"3,814.90","3,791.00","3,831.80","3,756.15","3,781.80","3,779.00","3,791.19",1919149,7275863610.7,159690,1160277.0,60.46
TCS,EQ,04-Feb-2022,"3,824.60","3,815.30","3,824.70","3,769.00","3,818.00","3,814.90","3,804.03",2307366,8777283685.05,160651,1415833.0,61.36
TCS,EQ,03-Feb-2022,"3,856.20","3,851.00","3,882.50","3,816.05","3,819.00","3,824.60","3,850.57",1960538,7549182942.05,137513,1242614.0,63.38
TCS,EQ,02-Feb-2022,"3,800.65","3,827.90","3,864.00","3,800.65","3,863.00","3,856.20","3,841.31",1984212,7621963889.9,139468,1158079.0,58.36
TCS,EQ,01-Feb-2022,"3,736.25","3,770.00","3,808.00","3,736.40","3,805.00","3,800.65","3,781.44",2105169,7960578363.5,149564,1067316.0,50.70
TCS,EQ,31-Jan-2022,"3,690.05","3,749.00","3,758.00","3,721.40","3,744.95","3,736.25","3,741.03",2739393,10248148872.1,193114,1708467.0,62.37
TCS,EQ,28-Jan-2022,"3,649.25","3,646.00","3,729.80","3,646.00","3,697.85","3,690.05","3,702.94",3143862,11641524811.25,226989,1863034.0,59.26
TCS,EQ,27-Jan-2022,"3,769.90","3,731.00","3,733.40","3,625.10","3,652.00","3,649.25","3,669.10",5718297,20981028870.55,473910,3887598.0,67.99
TCS,EQ,25-Jan-2022,"3,771.35","3,769.50","3,809.40","3,722.20","3,765.00","3,769.90","3,763.15",3330501,12533182476.5,298567,2094835.0,62.90
TCS,EQ,24-Jan-2022,"3,833.50","3,840.00","3,849.65","3,740.10","3,769.95","3,771.35","3,783.08",3258414,12326830753.15,288359,2095906.0,64.32
TCS,EQ,21-Jan-2022,"3,826.55","3,807.00","3,851.55","3,771.10","3,840.00","3,833.50","3,820.58",3112358,11891026050.45,240408,1795708.0,57.70
TCS,EQ,20-Jan-2022,"3,914.65","3,910.00","3,920.00","3,811.00","3,833.15","3,826.55","3,843.03",6176776,23737557017.75,349194,4962139.0,80.34
TCS,EQ,19-Jan-2022,"3,990.60","4,012.00","4,012.00","3,910.50","3,914.70","3,914.65","3,937.16",3102539,12215195983.15,260043,2121306.0,68.37
TCS,EQ,18-Jan-2022,"4,019.15","4,033.95","4,041.70","3,980.00","3,993.95","3,990.60","4,009.82",2389041,9579619424.1,185771,1635845.0,68.47
TCS,EQ,17-Jan-2022,"3,968.15","3,992.70","4,043.00","3,962.30","4,025.00","4,019.15","4,010.33",3442604,13805980840.45,230947,1699919.0,49.38
TCS,EQ,14-Jan-2022,"3,897.90","3,877.85","3,977.00","3,860.05","3,965.35","3,968.15","3,924.25",3348123,13138881273.1,213960,1768475.0,52.82
TCS,EQ,13-Jan-2022,"3,859.90","3,918.00","3,923.00","3,857.00","3,898.00","3,897.90","3,891.72",6684507,26014258279.5,401435,3737081.0,55.91
TCS,EQ,12-Jan-2022,"3,915.90","3,925.00","3,929.00","3,836.55","3,857.00","3,859.90","3,874.16",3203744,12411815990.8,241232,1866561.0,58.26
TCS,EQ,11-Jan-2022,"3,879.85","3,856.00","3,925.00","3,856.00","3,917.00","3,915.90","3,896.96",1906106,7428014700.35,160870,1054450.0,55.32
TCS,EQ,10-Jan-2022,"3,853.50","3,978.00","3,978.00","3,861.00","3,884.00","3,879.85","3,897.84",3937092,15346166149.8,247085,1687823.0,42.87
TCS,EQ,07-Jan-2022,"3,807.45","3,820.00","3,864.90","3,796.40","3,858.90","3,853.50","3,839.03",2460591,9446283701.75,157006,1501620.0,61.03
TCS,EQ,06-Jan-2022,"3,860.95","3,812.00","3,835.00","3,772.00","3,809.95","3,807.45","3,802.98",1810293,6884500149.55,135529,995325.0,54.98
TCS,EQ,05-Jan-2022,"3,884.75","3,865.00","3,870.00","3,812.40","3,856.00","3,860.95","3,847.67",1733031,6668131688.0,136018,988277.0,57.03
TCS,EQ,04-Jan-2022,"3,817.75","3,831.10","3,889.15","3,811.70","3,878.70","3,884.75","3,859.30",2488606,9604274014.3,141253,1539134.0,61.85
TCS,EQ,03-Jan-2022,"3,738.35","3,750.00","3,830.00","3,745.00","3,815.00","3,817.75","3,807.43",2346158,8932827981.15,143798,1433211.0,61.09
TCS,EQ,31-Dec-2021,"3,733.75","3,742.80","3,760.00","3,731.30","3,740.00","3,738.35","3,744.51",1207141,4520149056.45,101227,727618.0,60.28
TCS,EQ,30-Dec-2021,"3,694.70","3,681.35","3,740.00","3,680.00","3,737.00","3,733.75","3,725.52",1966475,7326133567.9,105274,1296163.0,65.91
TCS,EQ,29-Dec-2021,"3,706.55","3,692.25","3,719.95","3,685.00","3,688.05","3,694.70","3,704.90",1456923,5397758672.0,94120,1091321.0,74.91
TCS,EQ,28-Dec-2021,"3,696.10","3,710.00","3,725.00","3,693.85","3,706.95","3,706.55","3,713.05",1456218,5407012571.25,83968,917903.0,63.03
TCS,EQ,27-Dec-2021,"3,670.90","3,671.00","3,700.00","3,653.10","3,696.50","3,696.10","3,684.66",1534135,5652764172.3,80828,866793.0,56.50
TCS,EQ,24-Dec-2021,"3,662.70","3,685.00","3,705.00","3,644.80","3,671.00","3,670.90","3,673.31",2209923,8117727561.7,88664,1156092.0,52.31
TCS,EQ,23-Dec-2021,"3,630.75","3,648.00","3,670.50","3,630.00","3,660.65","3,662.70","3,656.52",1792861,6555623174.05,98445,1107607.0,61.78
TCS,EQ,22-Dec-2021,"3,608.30","3,624.00","3,636.80","3,606.25","3,628.30","3,630.75","3,625.84",1224328,4439223316.5,102255,755182.0,61.68
TCS,EQ,21-Dec-2021,"3,556.90","3,582.65","3,641.20","3,566.40","3,611.00","3,608.30","3,617.22",2340989,8467877601.9,118423,1470826.0,62.83
TCS,EQ,20-Dec-2021,"3,584.35","3,589.00","3,606.00","3,510.15","3,559.30","3,556.90","3,569.27",2312310,8253261975.1,146094,1243439.0,53.77
TCS,EQ,17-Dec-2021,"3,581.60","3,602.50","3,651.35","3,573.70","3,574.90","3,584.35","3,608.90",4333992,15640958964.15,213460,2677223.0,61.77
TCS,EQ,16-Dec-2021,"3,570.35","3,582.00","3,608.45","3,570.00","3,585.00","3,581.60","3,582.96",2072320,7425032318.85,93950,1560825.0,75.32
TCS,EQ,15-Dec-2021,"3,623.80","3,620.00","3,623.00","3,558.15","3,571.00","3,570.35","3,575.02",1603233,5731595939.6,109534,1141894.0,71.22
TCS,EQ,14-Dec-2021,"3,609.65","3,605.00","3,635.00","3,576.70","3,619.95","3,623.80","3,618.04",1747007,6320734400.1,105436,1216832.0,69.65
TCS,EQ,13-Dec-2021,"3,636.80","3,650.00","3,662.00","3,601.70","3,615.00","3,609.65","3,626.62",1883864,6832065637.6,93875,1329794.0,70.59
TCS,EQ,10-Dec-2021,"3,601.75","3,585.00","3,642.00","3,575.10","3,630.00","3,636.80","3,611.25",1510718,5455578667.05,69648,833404.0,55.17
TCS,EQ,09-Dec-2021,"3,626.90","3,610.00","3,634.75","3,566.00","3,600.00","3,601.75","3,593.64",1567957,5634666502.4,100995,890952.0,56.82
TCS,EQ,08-Dec-2021,"3,584.50","3,601.00","3,646.45","3,601.00","3,624.00","3,626.90","3,631.02",1428660,5187489131.6,88625,826623.0,57.86
TCS,EQ,07-Dec-2021,"3,536.40","3,562.50","3,598.00","3,524.30","3,589.90","3,584.50","3,572.57",1484458,5303328386.25,107141,812623.0,54.74
TCS,EQ,06-Dec-2021,"3,640.45","3,640.45","3,658.00","3,522.00","3,533.80","3,536.40","3,585.65",1849642,6632172778.45,117199,1050297.0,56.78
TCS,EQ,03-Dec-2021,"3,642.90","3,646.45","3,665.95","3,630.85","3,641.00","3,640.45","3,644.63",2486263,9061499107.35,136470,1904713.0,76.61
TCS,EQ,02-Dec-2021,"3,577.80","3,589.20","3,648.00","3,574.10","3,637.00","3,642.90","3,614.21",3152938,11395387802.95,146031,2208112.0,70.03
TCS,EQ,01-Dec-2021,"3,529.15","3,535.00","3,590.00","3,535.00","3,581.00","3,577.80","3,568.53",2102118,7501467334.9,177235,1311474.0,62.39
TCS,EQ,30-Nov-2021,"3,502.00","3,491.00","3,563.75","3,491.00","3,535.00","3,529.15","3,535.48",5588446,19757846113.05,208979,3849797.0,68.89
TCS,EQ,29-Nov-2021,"3,446.85","3,447.15","3,529.35","3,406.45","3,503.50","3,502.00","3,490.28",2981745,10407130645.3,206893,1648719.0,55.29
TCS,EQ,26-Nov-2021,"3,445.90","3,425.00","3,490.00","3,411.90","3,439.20","3,446.85","3,454.40",1941251,6705853480.8,156945,1152929.0,59.39
TCS,EQ,25-Nov-2021,"3,443.30","3,443.90","3,463.00","3,434.05","3,450.00","3,445.90","3,451.54",1849619,6384030188.95,102359,1294556.0,69.99
TCS,EQ,24-Nov-2021,"3,464.25","3,472.20","3,493.05","3,424.00","3,431.95","3,443.30","3,469.80",2161746,7500832834.1,163891,1640323.0,75.88
TCS,EQ,23-Nov-2021,"3,458.40","3,445.00","3,480.95","3,407.80","3,472.00","3,464.25","3,455.05",2153461,7440308037.35,160137,1449786.0,67.32
TCS,EQ,22-Nov-2021,"3,475.70","3,478.40","3,515.95","3,440.30","3,463.75","3,458.40","3,482.50",3167936,11032349106.2,169460,2146221.0,67.75
TCS,EQ,18-Nov-2021,"3,521.90","3,515.15","3,520.85","3,451.60","3,471.95","3,475.70","3,478.49",2136598,7432143867.4,135284,1367516.0,64.00
TCS,EQ,17-Nov-2021,"3,556.40","3,550.60","3,562.85","3,506.40","3,520.80","3,521.90","3,533.85",1632914,5770466506.8,126358,1033842.0,63.31
TCS,EQ,16-Nov-2021,"3,553.30","3,569.00","3,575.55","3,542.00","3,548.00","3,556.40","3,560.79",2013204,7168605743.85,105284,1371662.0,68.13
TCS,EQ,15-Nov-2021,"3,526.05","3,528.00","3,569.60","3,528.00","3,550.00","3,553.30","3,554.41",1809157,6430484084.55,113981,1104175.0,61.03
TCS,EQ,12-Nov-2021,"3,488.20","3,506.00","3,534.15","3,485.70","3,524.00","3,526.05","3,509.52",1747259,6132048785.7,98323,1086001.0,62.15
TCS,EQ,11-Nov-2021,"3,484.30","3,480.00","3,510.05","3,436.00","3,505.00","3,488.20","3,464.62",1284514,4450347031.55,98386,614576.0,47.85
TCS,EQ,10-Nov-2021,"3,505.70","3,498.00","3,519.70","3,480.20","3,484.95","3,484.30","3,494.09",1516489,5298754955.55,115924,955899.0,63.03
TCS,EQ,09-Nov-2021,"3,502.75","3,508.00","3,535.00","3,496.00","3,503.00","3,505.70","3,508.51",1782692,6254594395.95,90441,1106403.0,62.06
TCS,EQ,08-Nov-2021,"3,508.65","3,548.00","3,548.00","3,481.20","3,506.00","3,502.75","3,503.30",2526082,8849622221.8,144893,1652814.0,65.43
TCS,EQ,04-Nov-2021,"3,492.25","3,512.95","3,513.25","3,505.00","3,508.65","3,508.65","3,509.12",328991,1154468248.3,42244,246904.0,75.05
TCS,EQ,03-Nov-2021,"3,484.20","3,504.20","3,519.90","3,466.05","3,488.00","3,492.25","3,492.58",1537639,5370327266.85,98779,791208.0,51.46
TCS,EQ,02-Nov-2021,"3,476.40","3,494.00","3,513.60","3,469.75","3,484.00","3,484.20","3,490.81",3087414,10777567152.9,134659,2067119.0,66.95
TCS,EQ,01-Nov-2021,"3,397.75","3,437.95","3,487.00","3,412.95","3,482.35","3,476.40","3,445.74",2020718,6962871688.9,154841,1166862.0,57.74
TCS,EQ,29-Oct-2021,"3,421.65","3,400.05","3,461.00","3,385.95","3,404.00","3,397.75","3,424.21",3960501,13561601567.6,241935,2238879.0,56.53
TCS,EQ,28-Oct-2021,"3,489.75","3,518.00","3,518.00","3,415.00","3,423.00","3,421.65","3,450.19",2424942,8366511722.1,187690,1497979.0,61.77
TCS,EQ,27-Oct-2021,"3,482.60","3,483.00","3,511.25","3,483.00","3,488.45","3,489.75","3,495.53",2510813,8776620129.0,122328,1766894.0,70.37
TCS,EQ,26-Oct-2021,"3,492.95","3,494.50","3,529.00","3,475.00","3,485.90","3,482.60","3,494.69",3878763,13555085104.1,155172,2821225.0,72.74
TCS,EQ,25-Oct-2021,"3,498.85","3,503.00","3,514.55","3,450.00","3,491.00","3,492.95","3,477.23",2595594,9025471433.6,139684,1627737.0,62.71
TCS,EQ,22-Oct-2021,"3,532.50","3,560.00","3,561.60","3,485.00","3,501.85","3,498.85","3,511.44",2691670,9451650099.45,163976,1700467.0,63.18
TCS,EQ,21-Oct-2021,"3,608.85","3,604.10","3,607.45","3,511.25","3,532.85","3,532.50","3,546.27",4871211,17274650004.55,295349,3125514.0,64.16
TCS,EQ,20-Oct-2021,"3,634.15","3,612.00","3,630.00","3,578.30","3,607.95","3,608.85","3,606.05",2933693,10579039337.05,175675,1685241.0,57.44
TCS,EQ,19-Oct-2021,"3,647.15","3,669.00","3,690.10","3,625.20","3,634.45","3,634.15","3,661.85",3135441,11481500581.85,191609,1815161.0,57.89
TCS,EQ,18-Oct-2021,"3,611.45","3,603.45","3,652.70","3,601.45","3,649.00","3,647.15","3,631.23",3590107,13036517799.15,213590,2407286.0,67.05
TCS,EQ,14-Oct-2021,"3,655.20","3,625.00","3,670.00","3,608.20","3,614.80","3,611.45","3,626.77",6442299,23364720249.3,406019,4714726.0,73.18
TCS,EQ,13-Oct-2021,"3,652.85","3,650.00","3,675.45","3,645.00","3,658.05","3,655.20","3,655.85",3545655,12962366655.15,228263,2564283.0,72.32
TCS,EQ,12-Oct-2021,"3,685.60","3,706.00","3,707.00","3,630.60","3,656.20","3,652.85","3,658.54",5752877,21047120430.0,371571,3799131.0,66.04
TCS,EQ,11-Oct-2021,"3,935.65","3,755.00","3,757.50","3,660.00","3,687.95","3,685.60","3,702.67",11845402,43859658074.25,704881,6606303.0,55.77
TCS,EQ,08-Oct-2021,"3,892.90","3,925.00","3,989.90","3,900.00","3,943.00","3,935.65","3,947.83",2934339,11584283174.7,178433,1040830.0,35.47
TCS,EQ,07-Oct-2021,"3,810.90","3,830.00","3,899.00","3,820.05","3,898.00","3,892.90","3,868.01",1647233,6371521151.0,100510,693631.0,42.11
TCS,EQ,06-Oct-2021,"3,833.30","3,836.00","3,857.45","3,795.00","3,813.80","3,810.90","3,830.18",1678154,6427634316.05,105524,949703.0,56.59
TCS,EQ,05-Oct-2021,"3,773.30","3,754.00","3,840.00","3,741.60","3,839.10","3,833.30","3,785.15",1877966,7108385858.15,107053,1088332.0,57.95
TCS,EQ,04-Oct-2021,"3,730.20","3,724.80","3,783.65","3,707.45","3,779.00","3,773.30","3,762.58",1356860,5105290641.5,82301,783170.0,57.72
TCS,BL,04-Oct-2021,"3,271.40","3,730.20","3,730.20","3,730.20","3,730.20","3,730.20","3,730.20",875147,3264473339.4,1,,-
TCS,EQ,29-Sep-2023,"3,536.75","3,537.20","3,568.45","3,505.55","3,525.00","3,528.60","3,536.95",2243791,7936167438.85,134776,1282164.0,57.14
TCS,EQ,28-Sep-2023,"3,589.30","3,600.00","3,602.80","3,527.35","3,549.00","3,536.75","3,558.09",1755753,6247135882.45,127091,775346.0,44.16
TCS,EQ,27-Sep-2023,"3,585.70","3,590.00","3,614.00","3,555.70","3,586.00","3,589.30","3,587.16",1541134,5528296992.85,104230,991891.0,64.36
TCS,EQ,26-Sep-2023,"3,577.15","3,567.60","3,594.95","3,536.00","3,590.00","3,585.70","3,561.51",1726062,6147386173.95,113798,1220758.0,70.73
TCS,EQ,25-Sep-2023,"3,603.65","3,602.50","3,620.00","3,558.65","3,569.80","3,577.15","3,579.70",1238778,4434448253.85,82519,847701.0,68.43
TCS,EQ,22-Sep-2023,"3,585.30","3,584.00","3,633.75","3,565.05","3,604.00","3,603.65","3,605.09",1989083,7170827508.35,152937,1063284.0,53.46
TCS,EQ,21-Sep-2023,"3,606.05","3,588.55","3,605.00","3,528.00","3,586.00","3,585.30","3,559.97",2004073,7134447228.5,151219,892038.0,44.51
TCS,EQ,20-Sep-2023,"3,606.15","3,580.00","3,625.00","3,580.00","3,600.10","3,606.05","3,612.14",1649396,5957855338.4,127927,976624.0,59.21
TCS,EQ,18-Sep-2023,"3,598.30","3,580.05","3,619.30","3,575.25","3,605.00","3,606.15","3,605.10",1395753,5031835082.65,97296,1005563.0,72.04
TCS,EQ,15-Sep-2023,"3,560.05","3,567.85","3,607.35","3,562.45","3,591.55","3,598.30","3,591.93",2952897,10606611878.75,139252,1749955.0,59.26
TCS,EQ,14-Sep-2023,"3,567.85","3,570.05","3,597.70","3,545.60","3,562.35","3,560.05","3,563.35",2604721,9281527868.2,146192,1162755.0,44.64
TCS,EQ,13-Sep-2023,"3,580.80","3,571.10","3,588.85","3,545.00","3,561.50","3,567.85","3,568.13",1754929,6261806697.4,138829,1031177.0,58.76
TCS,EQ,12-Sep-2023,"3,480.65","3,492.00","3,589.90","3,483.00","3,572.60","3,580.80","3,550.35",4476016,15891401853.45,242752,2546536.0,56.89
TCS,EQ,11-Sep-2023,"3,441.90","3,462.00","3,485.70","3,445.00","3,481.00","3,480.65","3,471.77",1783604,6192269892.25,111418,1246670.0,69.90
TCS,EQ,08-Sep-2023,"3,455.25","3,455.25","3,465.00","3,435.05","3,445.00","3,441.90","3,446.91",1518917,5235563741.25,88984,970792.0,63.91
TCS,EQ,07-Sep-2023,"3,429.90","3,430.80","3,460.00","3,422.30","3,458.00","3,455.25","3,443.88",1885092,6492039521.45,143528,842814.0,44.71
TCS,EQ,06-Sep-2023,"3,429.35","3,434.00","3,443.90","3,398.10","3,421.60","3,429.90","3,424.44",1314818,4502511185.6,99523,841418.0,64.00
TCS,EQ,05-Sep-2023,"3,418.50","3,420.00","3,447.00","3,405.15","3,425.65","3,429.35","3,430.40",1501842,5151924571.65,100120,922625.0,61.43
TCS,EQ,04-Sep-2023,"3,379.20","3,378.00","3,432.85","3,370.05","3,418.50","3,418.50","3,405.13",1828332,6225711646.35,114654,1230246.0,67.29
TCS,EQ,01-Sep-2023,"3,356.80","3,366.00","3,389.00","3,356.80","3,374.00","3,379.20","3,379.92",1277950,4319372822.65,148744,872552.0,68.28
TCS,EQ,31-Aug-2023,"3,390.95","3,401.00","3,417.40","3,343.65","3,361.00","3,356.80","3,369.12",3417652,11514468309.55,125169,2421119.0,70.84
TCS,EQ,30-Aug-2023,"3,376.15","3,398.00","3,408.10","3,383.05","3,391.00","3,390.95","3,397.70",1188200,4037149090.8,83244,818723.0,68.90
TCS,EQ,29-Aug-2023,"3,375.55","3,381.05","3,389.55","3,365.00","3,375.00","3,376.15","3,375.62",944517,3188333020.15,68937,642831.0,68.06
TCS,EQ,28-Aug-2023,"3,381.30","3,394.00","3,394.00","3,360.10","3,373.00","3,375.55","3,374.18",1037485,3500663941.25,80009,718921.0,69.29
TCS,EQ,25-Aug-2023,"3,387.75","3,375.00","3,385.80","3,350.25","3,374.00","3,381.30","3,371.84",1158046,3904744950.05,87415,741009.0,63.99
TCS,EQ,24-Aug-2023,"3,398.25","3,408.00","3,413.05","3,378.10","3,391.00","3,387.75","3,392.89",1152881,3911601781.55,83377,703679.0,61.04
TCS,EQ,23-Aug-2023,"3,382.15","3,388.00","3,402.00","3,376.00","3,389.20","3,398.25","3,392.66",1330046,4512393621.55,74093,846626.0,63.65
TCS,EQ,22-Aug-2023,"3,401.65","3,400.00","3,411.00","3,365.05","3,383.10","3,382.15","3,379.46",1222012,4129742131.95,105529,765907.0,62.68
TCS,EQ,21-Aug-2023,"3,367.10","3,375.00","3,409.75","3,372.00","3,400.05","3,401.65","3,396.90",1375579,4672710451.45,90178,948914.0,68.98
TCS,EQ,18-Aug-2023,"3,435.75","3,410.00","3,410.00","3,356.50","3,368.00","3,367.10","3,373.82",2526749,8524793143.1,150157,1424519.0,56.38
TCS,EQ,17-Aug-2023,"3,458.40","3,455.00","3,460.80","3,413.20","3,425.90","3,435.75","3,435.28",1843241,6332040272.5,122489,1172604.0,63.62
TCS,EQ,16-Aug-2023,"3,449.85","3,450.00","3,466.00","3,435.20","3,450.70","3,458.40","3,453.07",1328445,4587215413.45,102457,898417.0,67.63
TCS,EQ,14-Aug-2023,"3,448.80","3,440.70","3,455.00","3,411.00","3,448.00","3,449.85","3,434.19",1190425,4088141282.4,145261,697765.0,58.61
TCS,EQ,11-Aug-2023,"3,442.10","3,438.10","3,466.65","3,414.00","3,444.50","3,448.80","3,444.54",1679974,5786738907.2,142622,1051850.0,62.61
TCS,EQ,10-Aug-2023,"3,462.50","3,450.00","3,464.90","3,430.05","3,448.25","3,442.10","3,442.07",1096701,3774918908.55,76539,612492.0,55.85
TCS,EQ,09-Aug-2023,"3,470.60","3,464.90","3,467.00","3,425.05","3,460.85","3,462.50","3,449.06",1794589,6189641425.5,89275,1305254.0,72.73
TCS,EQ,08-Aug-2023,"3,484.05","3,484.05","3,489.95","3,456.60","3,469.00","3,470.60","3,470.86",1634225,5672169905.3,119523,1271634.0,77.81
TCS,EQ,07-Aug-2023,"3,443.55","3,453.95","3,488.00","3,441.25","3,482.90","3,484.05","3,467.58",1853889,6428512875.3,108103,1289089.0,69.53
TCS,EQ,04-Aug-2023,"3,399.95","3,401.25","3,471.00","3,401.25","3,441.05","3,443.55","3,445.20",2248493,7746518305.9,118974,1434557.0,63.80
TCS,EQ,03-Aug-2023,"3,440.65","3,420.00","3,433.25","3,368.00","3,397.00","3,399.95","3,397.85",2026351,6885230549.2,136745,1253208.0,61.85
TCS,EQ,02-Aug-2023,"3,452.05","3,434.95","3,446.40","3,413.60","3,433.00","3,440.65","3,435.39",1914899,6578428884.55,116337,1398129.0,73.01
TCS,EQ,01-Aug-2023,"3,421.45","3,415.00","3,460.00","3,415.00","3,450.10","3,452.05","3,443.71",1956167,6736474356.4,101249,1245505.0,63.67
TCS,EQ,31-Jul-2023,"3,355.40","3,364.40","3,426.65","3,360.90","3,415.00","3,421.45","3,406.98",2743678,9347645416.85,121298,1933444.0,70.47
TCS,EQ,28-Jul-2023,"3,396.90","3,385.00","3,393.70","3,331.00","3,354.00","3,355.40","3,352.74",2599831,8716557269.3,127470,1887794.0,72.61
TCS,EQ,27-Jul-2023,"3,388.30","3,394.95","3,411.65","3,385.05","3,398.00","3,396.90","3,395.09",1701769,5777660069.25,125535,1242876.0,73.03
TCS,EQ,26-Jul-2023,"3,399.15","3,400.35","3,420.85","3,385.00","3,394.00","3,388.30","3,399.91",1066803,3627035565.2,101692,615587.0,57.70
TCS,EQ,25-Jul-2023,"3,394.75","3,397.50","3,406.80","3,380.20","3,400.00","3,399.15","3,396.67",1272980,4323895800.15,134482,900644.0,70.75
TCS,EQ,24-Jul-2023,"3,368.30","3,381.00","3,413.45","3,372.10","3,393.00","3,394.75","3,397.83",1680132,5708798867.65,124293,1129015.0,67.20
TCS,EQ,21-Jul-2023,"3,463.30","3,404.05","3,434.90","3,359.05","3,374.00","3,368.30","3,396.22",3770223,12804501433.35,167464,2365927.0,62.75
TCS,EQ,20-Jul-2023,"3,470.05","3,453.10","3,478.90","3,436.05","3,461.60","3,463.30","3,453.22",1715404,5923659535.2,99611,924750.0,53.91
TCS,EQ,19-Jul-2023,"3,496.85","3,500.00","3,516.85","3,445.65","3,469.00","3,470.05","3,476.09",2405370,8361286032.75,131215,1563755.0,65.01
TCS,EQ,18-Jul-2023,"3,491.70","3,476.00","3,524.00","3,465.00","3,492.45","3,496.85","3,496.72",2600090,9091781942.5,159053,1550758.0,59.64
TCS,BL,17-Jul-2023,"3,315.95","3,514.65","3,514.65","3,514.65","3,514.65","3,514.65","3,514.65",99465,349584662.25,1,,-
TCS,EQ,17-Jul-2023,"3,514.65","3,510.00","3,549.90","3,477.05","3,488.00","3,491.70","3,512.83",2743228,9636496606.9,221755,1110810.0,40.49
TCS,EQ,14-Jul-2023,"3,340.55","3,365.00","3,524.85","3,352.00","3,509.00","3,514.65","3,443.41",6306101,21714518276.5,318436,3428771.0,54.37
TCS,EQ,13-Jul-2023,"3,259.90","3,284.00","3,367.45","3,272.75","3,344.50","3,340.55","3,338.97",4585146,15309671101.45,245158,2061479.0,44.96
TCS,EQ,12-Jul-2023,"3,272.40","3,280.95","3,289.15","3,250.10","3,260.95","3,259.90","3,266.42",1515240,4949416309.1,120424,885374.0,58.43
TCS,EQ,11-Jul-2023,"3,271.95","3,295.00","3,295.00","3,260.80","3,272.00","3,272.40","3,277.42",1110172,3638501368.95,89756,613854.0,55.29
TCS,EQ,10-Jul-2023,"3,329.25","3,324.75","3,324.75","3,265.20","3,277.00","3,271.95","3,283.62",1407431,4621463700.65,113059,785441.0,55.81
TCS,EQ,07-Jul-2023,"3,322.90","3,302.00","3,356.90","3,302.00","3,321.00","3,329.25","3,334.15",1789326,5965881074.45,130328,822068.0,45.94
TCS,EQ,06-Jul-2023,"3,319.95","3,306.55","3,328.45","3,302.00","3,321.30","3,322.90","3,314.41",1848238,6125814363.75,82587,942979.0,51.02
TCS,EQ,05-Jul-2023,"3,308.85","3,320.00","3,329.00","3,305.00","3,322.00","3,319.95","3,318.57",1453008,4821906492.95,92949,857588.0,59.02
TCS,EQ,04-Jul-2023,"3,272.30","3,290.00","3,315.00","3,277.30","3,307.00","3,308.85","3,298.36",1656681,5464337453.05,100235,965070.0,58.25
TCS,EQ,03-Jul-2023,"3,302.25","3,314.30","3,318.80","3,268.75","3,274.00","3,272.30","3,286.37",1687264,5544970019.55,120543,1112511.0,65.94
TCS,EQ,30-Jun-2023,"3,215.45","3,220.00","3,310.00","3,214.10","3,298.40","3,302.25","3,280.38",2672406,8766501093.15,205777,1683039.0,62.98
TCS,EQ,28-Jun-2023,"3,197.35","3,208.00","3,230.95","3,193.40","3,221.00","3,215.45","3,215.84",1575872,5067755614.75,125121,1031195.0,65.44
TCS,EQ,27-Jun-2023,"3,189.65","3,202.00","3,209.65","3,182.30","3,197.30","3,197.35","3,194.42",863542,2758515355.75,67679,482048.0,55.82
TCS,EQ,26-Jun-2023,"3,216.35","3,205.00","3,213.90","3,173.00","3,190.00","3,189.65","3,189.39",1978803,6311173590.25,107706,1418808.0,71.70
TCS,EQ,23-Jun-2023,"3,238.50","3,237.30","3,249.40","3,209.15","3,213.90","3,216.35","3,221.22",1119505,3606176034.7,67908,722267.0,64.52
TCS,EQ,22-Jun-2023,"3,258.20","3,260.00","3,267.65","3,230.10","3,240.50","3,238.50","3,246.23",1529603,4965444088.75,83159,862059.0,56.36
TCS,EQ,21-Jun-2023,"3,227.70","3,250.00","3,261.40","3,223.95","3,257.00","3,258.20","3,247.51",1645987,5345359097.25,91009,1159778.0,70.46
TCS,EQ,20-Jun-2023,"3,210.40","3,214.00","3,232.50","3,201.05","3,229.90","3,227.70","3,218.86",1528452,4919876426.1,72353,1107358.0,72.45
TCS,EQ,19-Jun-2023,"3,174.90","3,190.00","3,214.90","3,175.00","3,207.10","3,210.40","3,194.51",1468186,4690130908.9,88271,960753.0,65.44
TCS,EQ,16-Jun-2023,"3,216.30","3,197.00","3,199.40","3,156.00","3,177.30","3,174.90","3,175.76",4156189,13199071871.5,214155,2870473.0,69.07
TCS,EQ,15-Jun-2023,"3,251.05","3,245.30","3,247.45","3,210.00","3,215.30","3,216.30","3,225.77",2273810,7334785641.4,104925,1340142.0,58.94
TCS,EQ,14-Jun-2023,"3,243.70","3,243.70","3,255.85","3,225.85","3,245.30","3,251.05","3,244.95",1658544,5381890991.7,92990,1090597.0,65.76
TCS,EQ,13-Jun-2023,"3,246.90","3,260.00","3,265.00","3,239.00","3,244.90","3,243.70","3,249.64",1371928,4458273417.9,90189,925622.0,67.47
TCS,EQ,12-Jun-2023,"3,209.30","3,215.00","3,254.40","3,211.00","3,248.40","3,246.90","3,238.21",2324605,7527561262.2,99385,1586137.0,68.23
TCS,EQ,09-Jun-2023,"3,236.45","3,245.00","3,250.00","3,205.35","3,210.00","3,209.30","3,219.25",1775689,5716388482.0,119166,1286294.0,72.44
TCS,EQ,08-Jun-2023,"3,274.90","3,261.00","3,270.00","3,233.00","3,236.00","3,236.45","3,246.40",1759366,5711613268.75,105766,1190503.0,67.67
TCS,EQ,07-Jun-2023,"3,232.30","3,253.00","3,278.85","3,241.00","3,274.55","3,274.90","3,261.20",1567196,5110939240.45,82630,908370.0,57.96
TCS,EQ,06-Jun-2023,"3,288.90","3,280.00","3,288.85","3,220.60","3,237.00","3,232.30","3,235.85",2022849,6545633590.6,158147,1196281.0,59.14
TCS,EQ,05-Jun-2023,"3,305.60","3,315.00","3,327.00","3,285.05","3,289.30","3,288.90","3,301.42",1861468,6145482702.9,94288,1423821.0,76.49
TCS,EQ,02-Jun-2023,"3,324.00","3,326.25","3,335.90","3,297.45","3,306.40","3,305.60","3,310.69",2030661,6722879743.5,132777,1491358.0,73.44
TCS,EQ,01-Jun-2023,"3,289.50","3,314.00","3,340.00","3,297.50","3,322.00","3,324.00","3,325.54",1177314,3915200315.1,107605,703106.0,59.72
TCS,EQ,31-May-2023,"3,316.20","3,309.00","3,327.70","3,265.15","3,286.00","3,289.50","3,294.05",5815424,19156282297.4,171593,4724406.0,81.24
TCS,EQ,30-May-2023,"3,320.35","3,315.00","3,326.95","3,301.35","3,315.15","3,316.20","3,311.75",1344224,4451739910.3,105175,928751.0,69.09
TCS,EQ,29-May-2023,"3,328.90","3,360.80","3,372.00","3,312.00","3,320.70","3,320.35","3,333.70",1210372,4035020143.5,89980,710296.0,58.68
TCS,EQ,26-May-2023,"3,293.50","3,293.50","3,338.65","3,291.00","3,331.70","3,328.90","3,310.97",1791115,5930331787.45,103741,1275664.0,71.22
TCS,EQ,25-May-2023,"3,303.35","3,294.00","3,306.00","3,267.10","3,295.00","3,293.50","3,287.20",1374917,4519633216.35,76662,642540.0,46.73
TCS,EQ,24-May-2023,"3,297.05","3,276.00","3,317.20","3,276.00","3,303.50","3,303.35","3,302.83",1016555,3357504888.1,57423,707192.0,69.57
TCS,EQ,23-May-2023,"3,298.70","3,306.00","3,327.95","3,290.10","3,295.00","3,297.05","3,310.23",1687418,5585748304.9,140257,1191550.0,70.61
TCS,EQ,22-May-2023,"3,222.85","3,230.00","3,308.45","3,217.05","3,292.00","3,298.70","3,272.82",1333243,4363457756.4,116693,749287.0,56.20
TCS,EQ,19-May-2023,"3,199.85","3,210.00","3,234.50","3,203.05","3,224.55","3,222.85","3,219.92",1152449,3710796199.45,74505,670808.0,58.21
TCS,EQ,18-May-2023,"3,208.70","3,225.95","3,228.95","3,195.00","3,200.00","3,199.85","3,203.72",1369364,4387053720.55,96133,772031.0,56.38
TCS,EQ,17-May-2023,"3,258.15","3,255.95","3,280.00","3,198.25","3,209.00","3,208.70","3,216.79",1588815,5110882505.4,132490,1027065.0,64.64
TCS,EQ,16-May-2023,"3,255.05","3,256.20","3,285.00","3,250.45","3,255.95","3,258.15","3,266.60",986306,3221871014.75,84131,635424.0,64.42
TCS,EQ,15-May-2023,"3,274.30","3,284.00","3,292.00","3,248.35","3,251.50","3,255.05","3,272.51",1150390,3764661351.0,84958,702154.0,61.04
TCS,EQ,12-May-2023,"3,282.15","3,279.15","3,290.00","3,260.00","3,277.00","3,274.30","3,274.10",1027479,3364070116.35,96840,607680.0,59.14
TCS,EQ,11-May-2023,"3,286.80","3,309.00","3,309.70","3,272.00","3,281.05","3,282.15","3,293.20",1719623,5663054332.75,124781,543763.0,31.62
TCS,EQ,10-May-2023,"3,283.25","3,290.00","3,306.50","3,266.05","3,280.00","3,286.80","3,286.72",1559987,5127237024.2,93564,638390.0,40.92
TCS,EQ,09-May-2023,"3,250.60","3,252.60","3,298.00","3,246.00","3,292.00","3,283.25","3,267.91",1107375,3618799710.35,72883,725239.0,65.49
TCS,EQ,08-May-2023,"3,230.70","3,245.00","3,254.85","3,231.30","3,250.00","3,250.60","3,245.43",928235,3012519753.35,75785,557326.0,60.04
TCS,EQ,05-May-2023,"3,220.70","3,220.00","3,244.00","3,210.05","3,227.05","3,230.70","3,226.43",1710027,5517280324.15,97481,868139.0,50.77
TCS,EQ,04-May-2023,"3,179.90","3,180.15","3,224.45","3,178.00","3,217.00","3,220.70","3,210.20",1953253,6270328109.65,105190,865756.0,44.32
TCS,EQ,03-May-2023,"3,219.40","3,216.00","3,216.00","3,173.15","3,180.00","3,179.90","3,184.78",2468285,7860949808.85,138897,1763171.0,71.43
TCS,EQ,02-May-2023,"3,219.25","3,235.00","3,235.00","3,210.00","3,217.00","3,219.40","3,222.28",2321159,7479433934.75,134310,1565884.0,67.46
TCS,EQ,28-Apr-2023,"3,187.95","3,200.40","3,227.25","3,196.25","3,215.00","3,219.25","3,213.13",2931312,9418688035.6,174975,1931718.0,65.90
TCS,EQ,27-Apr-2023,"3,198.15","3,185.00","3,199.20","3,170.65","3,188.00","3,187.95","3,182.88",2434446,7748559406.65,113044,1417950.0,58.25
TCS,EQ,26-Apr-2023,"3,176.00","3,181.00","3,208.40","3,181.00","3,196.00","3,198.15","3,197.96",2000029,6396014873.5,112753,1183102.0,59.15
TCS,EQ,25-Apr-2023,"3,174.80","3,183.00","3,191.20","3,147.50","3,175.05","3,176.00","3,176.72",2024090,6429959859.0,88772,1337301.0,66.07
TCS,EQ,24-Apr-2023,"3,160.85","3,151.10","3,180.95","3,126.15","3,172.00","3,174.80","3,151.83",1640676,5171132958.3,97265,1072692.0,65.38
TCS,EQ,21-Apr-2023,"3,104.80","3,110.00","3,164.45","3,100.80","3,159.00","3,160.85","3,135.53",1929184,6049023043.65,98768,1143524.0,59.28
TCS,EQ,20-Apr-2023,"3,089.60","3,090.00","3,113.00","3,078.00","3,104.95","3,104.80","3,094.26",2419999,7488105309.45,121048,1039675.0,42.96
TCS,EQ,19-Apr-2023,"3,130.75","3,130.75","3,140.00","3,071.50","3,089.00","3,089.60","3,098.63",3298034,10219387105.8,171133,1360505.0,41.25
TCS,EQ,18-Apr-2023,"3,139.50","3,154.95","3,156.85","3,110.60","3,130.60","3,130.75","3,127.60",2617302,8185866833.9,132615,1835935.0,70.15
TCS,EQ,17-Apr-2023,"3,188.85","3,134.10","3,163.40","3,070.25","3,139.00","3,139.50","3,111.19",5505048,17127231513.3,254319,3433199.0,62.36
TCS,EQ,13-Apr-2023,"3,241.65","3,210.00","3,230.00","3,180.00","3,192.00","3,188.85","3,193.66",4174070,13330566471.8,192421,1661868.0,39.81
TCS,EQ,12-Apr-2023,"3,213.80","3,227.95","3,260.95","3,199.00","3,245.50","3,241.65","3,232.53",2417727,7815384018.7,121292,1146031.0,47.40
TCS,EQ,11-Apr-2023,"3,263.40","3,264.00","3,272.95","3,192.15","3,205.00","3,213.80","3,223.89",2348779,7572201705.65,118593,1329657.0,56.61
TCS,EQ,10-Apr-2023,"3,220.70","3,220.00","3,272.00","3,215.00","3,263.00","3,263.40","3,251.36",2203187,7163363204.95,102711,593622.0,26.94
TCS,EQ,06-Apr-2023,"3,239.80","3,225.00","3,257.35","3,215.00","3,218.90","3,220.70","3,229.19",1703464,5500806837.65,76885,849892.0,49.89
TCS,EQ,05-Apr-2023,"3,200.00","3,185.50","3,264.35","3,185.50","3,240.00","3,239.80","3,240.85",2655065,8604670873.15,132453,1352855.0,50.95
TCS,EQ,03-Apr-2023,"3,205.90","3,224.95","3,224.95","3,173.75","3,201.00","3,200.00","3,191.35",1521830,4856698008.65,142863,1039303.0,68.29
TCS,EQ,31-Mar-2023,"3,138.90","3,189.95","3,213.00","3,152.00","3,204.00","3,205.90","3,189.41",2382581,7599029056.2,124442,1537937.0,64.55
TCS,EQ,29-Mar-2023,"3,115.90","3,129.00","3,150.00","3,104.10","3,148.00","3,138.90","3,125.35",1740616,5440031709.6,113706,1120513.0,64.37
TCS,EQ,28-Mar-2023,"3,122.30","3,127.00","3,149.55","3,110.15","3,117.00","3,115.90","3,129.98",1303530,4080026205.95,75814,626155.0,48.04
TCS,EQ,27-Mar-2023,"3,120.50","3,135.00","3,152.75","3,106.00","3,124.00","3,122.30","3,134.00",1524217,4776889691.9,87684,773815.0,50.77
TCS,EQ,24-Mar-2023,"3,124.65","3,148.90","3,170.00","3,106.00","3,110.15","3,120.50","3,144.39",1329577,4180707274.55,99584,626741.0,47.14
TCS,EQ,23-Mar-2023,"3,130.80","3,114.90","3,146.35","3,101.00","3,130.95","3,124.65","3,128.36",1372218,4292796106.4,94843,798575.0,58.20
TCS,EQ,22-Mar-2023,"3,106.10","3,130.05","3,143.50","3,106.10","3,129.80","3,130.80","3,124.38",1123939,3511607192.25,85984,573055.0,50.99
TCS,EQ,21-Mar-2023,"3,143.30","3,143.30","3,156.75","3,097.45","3,111.00","3,106.10","3,117.90",1815297,5659909677.9,116265,1178606.0,64.93
TCS,EQ,20-Mar-2023,"3,179.30","3,169.65","3,169.65","3,095.05","3,146.00","3,143.30","3,125.39",2289468,7155478256.1,186340,1291027.0,56.39
TCS,EQ,17-Mar-2023,"3,185.00","3,150.50","3,221.40","3,144.00","3,175.00","3,179.30","3,178.88",6739966,21425539933.4,285153,4079785.0,60.53
TCS,EQ,16-Mar-2023,"3,198.90","3,208.00","3,219.80","3,172.00","3,182.00","3,185.00","3,193.73",1901060,6071480261.75,170243,1312156.0,69.02
TCS,EQ,15-Mar-2023,"3,214.95","3,250.00","3,260.35","3,192.00","3,199.00","3,198.90","3,225.94",1780522,5743851297.0,165162,1150169.0,64.60
TCS,EQ,14-Mar-2023,"3,281.95","3,280.00","3,304.40","3,209.40","3,221.70","3,214.95","3,244.96",2670334,8665116216.45,151178,1970563.0,73.79
TCS,EQ,13-Mar-2023,"3,331.00","3,333.00","3,369.80","3,272.00","3,286.25","3,281.95","3,313.09",1901233,6298947595.45,120533,1182851.0,62.21
TCS,EQ,10-Mar-2023,"3,336.85","3,312.90","3,337.25","3,290.00","3,335.85","3,331.00","3,318.60",1024404,3399583381.8,99387,569022.0,55.55
TCS,EQ,09-Mar-2023,"3,390.40","3,385.00","3,385.00","3,330.85","3,333.00","3,336.85","3,354.42",1648500,5529757339.95,108315,1176457.0,71.37
TCS,EQ,08-Mar-2023,"3,371.85","3,364.00","3,396.00","3,330.85","3,390.05","3,390.40","3,369.80",1844590,6215892592.95,129008,1130190.0,61.27
TCS,EQ,06-Mar-2023,"3,342.15","3,361.90","3,404.95","3,359.00","3,377.95","3,371.85","3,381.71",1334132,4511650997.55,119719,853015.0,63.94
TCS,EQ,03-Mar-2023,"3,321.45","3,354.00","3,358.00","3,331.10","3,340.00","3,342.15","3,345.34",1043190,3489822005.55,89004,655070.0,62.79
TCS,EQ,02-Mar-2023,"3,385.70","3,361.00","3,369.90","3,318.00","3,324.00","3,321.45","3,331.05",1556538,5184899943.55,112065,1005537.0,64.60
TCS,EQ,01-Mar-2023,"3,312.85","3,323.00","3,389.00","3,315.00","3,386.45","3,385.70","3,367.54",1669307,5621465689.9,105561,1064394.0,63.76
TCS,EQ,28-Feb-2023,"3,331.85","3,328.50","3,392.00","3,299.90","3,328.60","3,312.85","3,325.11",4116217,13686879251.55,147643,2546257.0,61.86
TCS,EQ,27-Feb-2023,"3,400.45","3,390.00","3,390.00","3,316.00","3,335.00","3,331.85","3,336.69",1128022,3763860179.9,88957,599470.0,53.14
TCS,EQ,24-Feb-2023,"3,413.80","3,422.50","3,433.95","3,382.30","3,390.00","3,400.45","3,410.96",977592,3334525092.15,79457,633081.0,64.76
TCS,EQ,23-Feb-2023,"3,401.55","3,421.00","3,452.40","3,408.00","3,412.90","3,413.80","3,428.53",1441570,4942464245.25,135484,873671.0,60.61
TCS,EQ,22-Feb-2023,"3,451.00","3,414.95","3,447.00","3,395.00","3,410.00","3,401.55","3,416.58",1218430,4162858172.0,104357,742649.0,60.95
TCS,EQ,21-Feb-2023,"3,487.30","3,494.00","3,508.90","3,444.75","3,451.00","3,451.00","3,473.05",1139541,3957687705.45,77929,713436.0,62.61
TCS,EQ,20-Feb-2023,"3,501.15","3,502.00","3,522.00","3,475.05","3,492.00","3,487.30","3,492.93",1296082,4527127582.25,79179,834881.0,64.42
TCS,EQ,17-Feb-2023,"3,558.05","3,526.15","3,538.90","3,490.00","3,499.20","3,501.15","3,514.92",1061369,3730623740.0,90867,621928.0,58.60
TCS,EQ,16-Feb-2023,"3,520.65","3,527.20","3,575.00","3,527.00","3,550.00","3,558.05","3,559.64",1618931,5762816021.75,110390,1027584.0,63.47
TCS,EQ,15-Feb-2023,"3,500.10","3,487.00","3,526.00","3,460.15","3,523.95","3,520.65","3,496.10",1429449,4997503619.8,76223,894097.0,62.55
TCS,EQ,14-Feb-2023,"3,482.40","3,505.00","3,524.85","3,495.00","3,500.00","3,500.10","3,511.80",1579818,5548005902.75,103413,944222.0,59.77
TCS,EQ,13-Feb-2023,"3,537.55","3,549.00","3,549.00","3,473.40","3,484.00","3,482.40","3,493.53",1087939,3800742542.7,77431,568311.0,52.24
TCS,EQ,10-Feb-2023,"3,540.85","3,520.00","3,542.35","3,508.15","3,528.15","3,537.55","3,530.08",1187821,4193101279.6,84631,832143.0,70.06
TCS,EQ,09-Feb-2023,"3,520.10","3,515.00","3,547.60","3,505.30","3,543.95","3,540.85","3,534.02",1655427,5850314027.3,109544,1124204.0,67.91
TCS,EQ,08-Feb-2023,"3,472.55","3,478.05","3,539.90","3,478.05","3,520.00","3,520.10","3,525.10",1986946,7004180343.6,131473,1144916.0,57.62
TCS,EQ,07-Feb-2023,"3,459.95","3,468.90","3,493.00","3,461.40","3,467.00","3,472.55","3,478.55",1455647,5063543516.1,76997,917470.0,63.03
TCS,EQ,06-Feb-2023,"3,482.30","3,473.15","3,473.15","3,436.85","3,464.90","3,459.95","3,457.05",1138714,3936596844.85,104578,717114.0,62.98
TCS,EQ,03-Feb-2023,"3,460.40","3,504.00","3,504.00","3,452.90","3,475.00","3,482.30","3,483.20",1804469,6285334518.4,177332,1093996.0,60.63
TCS,EQ,02-Feb-2023,"3,408.35","3,427.00","3,469.00","3,420.10","3,461.00","3,460.40","3,449.08",1813847,6256103714.75,144428,1063804.0,58.65
TCS,EQ,01-Feb-2023,"3,358.70","3,363.00","3,419.00","3,355.00","3,398.00","3,408.35","3,383.69",2205161,7461580946.75,133318,1384239.0,62.77
TCS,EQ,31-Jan-2023,"3,433.65","3,449.00","3,449.00","3,351.00","3,358.50","3,358.70","3,371.06",2820375,9507642423.25,184017,1914024.0,67.86
TCS,EQ,30-Jan-2023,"3,411.05","3,420.00","3,458.45","3,385.55","3,432.00","3,433.65","3,423.78",1953798,6689383780.35,154180,1262724.0,64.63
TCS,EQ,27-Jan-2023,"3,429.75","3,426.00","3,446.00","3,382.30","3,410.00","3,411.05","3,415.95",1785879,6100466647.25,138824,1136348.0,63.63
TCS,EQ,25-Jan-2023,"3,436.30","3,425.30","3,435.00","3,405.00","3,432.10","3,429.75","3,423.45",874110,2992469996.45,73515,496771.0,56.83
TCS,EQ,24-Jan-2023,"3,414.90","3,425.00","3,451.95","3,417.30","3,432.10","3,436.30","3,434.72",1387863,4766925961.05,100270,839699.0,60.50
TCS,EQ,23-Jan-2023,"3,363.10","3,388.00","3,419.00","3,355.60","3,409.25","3,414.90","3,393.67",1067916,3624151502.6,77981,556602.0,52.12
TCS,EQ,20-Jan-2023,"3,373.10","3,365.00","3,394.65","3,355.60","3,370.00","3,363.10","3,374.73",1529349,5161134363.85,89365,1142015.0,74.67
TCS,EQ,19-Jan-2023,"3,390.00","3,380.00","3,387.00","3,361.00","3,370.00","3,373.10","3,375.44",1585044,5350223100.95,97108,1136996.0,71.73
TCS,EQ,18-Jan-2023,"3,378.40","3,380.00","3,408.95","3,372.25","3,391.00","3,390.00","3,395.06",2421189,8220093824.8,121397,1836244.0,75.84
TCS,EQ,17-Jan-2023,"3,334.05","3,330.00","3,381.80","3,321.00","3,380.90","3,378.40","3,363.96",1688475,5679961504.85,110473,1114320.0,66.00
TCS,EQ,16-Jan-2023,"3,374.55","3,317.00","3,353.00","3,298.05","3,335.00","3,334.05","3,329.16",1843607,6137668725.0,134180,901765.0,48.91
TCS,EQ,13-Jan-2023,"3,334.35","3,342.90","3,379.00","3,305.00","3,373.25","3,374.55","3,352.96",1742837,5843664088.1,107218,870219.0,49.93
TCS,EQ,12-Jan-2023,"3,328.70","3,329.00","3,350.00","3,315.55","3,337.55","3,334.35","3,334.26",2250391,7503381269.75,179303,1525003.0,67.77
TCS,EQ,11-Jan-2023,"3,286.40","3,290.10","3,349.50","3,271.15","3,328.00","3,328.70","3,324.66",2720512,9044771106.4,144583,1305512.0,47.99
TCS,EQ,10-Jan-2023,"3,319.95","3,285.00","3,298.00","3,230.10","3,283.00","3,286.40","3,259.17",3864655,12595576966.85,236636,1741399.0,45.06
TCS,EQ,09-Jan-2023,"3,211.55","3,229.00","3,327.00","3,221.15","3,309.00","3,319.95","3,300.31",2885060,9521605532.85,173806,1472534.0,51.04
TCS,EQ,06-Jan-2023,"3,311.10","3,300.00","3,301.55","3,200.00","3,213.90","3,211.55","3,239.59",2488376,8061309460.35,177937,1584546.0,63.68
TCS,EQ,05-Jan-2023,"3,314.65","3,330.20","3,337.30","3,281.95","3,302.65","3,311.10","3,311.44",1826057,6046882556.65,128658,1202559.0,65.86
TCS,EQ,04-Jan-2023,"3,311.35","3,306.70","3,327.35","3,286.20","3,313.10","3,314.65","3,306.45",1231668,4072443029.75,76844,778260.0,63.19
TCS,EQ,03-Jan-2023,"3,261.45","3,252.00","3,320.00","3,245.30","3,312.00","3,311.35","3,300.29",1245178,4109451969.85,78401,667103.0,53.57
TCS,EQ,02-Jan-2023,"3,256.70","3,261.00","3,266.85","3,235.20","3,263.00","3,261.45","3,254.07",709547,2308912232.4,51003,331817.0,46.76
TCS,EQ,30-Dec-2022,"3,268.75","3,286.05","3,299.00","3,246.20","3,254.60","3,256.70","3,277.33",1163131,3811963963.95,66390,665335.0,57.20
TCS,EQ,29-Dec-2022,"3,257.10","3,231.10","3,271.50","3,228.00","3,271.25","3,268.75","3,253.85",1037927,3377254033.45,68726,584056.0,56.27
TCS,EQ,28-Dec-2022,"3,259.50","3,249.80","3,266.10","3,226.00","3,258.00","3,257.10","3,249.31",910795,2959455222.7,72613,475773.0,52.24
TCS,EQ,27-Dec-2022,"3,252.90","3,269.20","3,273.80","3,231.50","3,262.00","3,259.50","3,251.33",835883,2717728954.7,69823,399272.0,47.77
TCS,EQ,26-Dec-2022,"3,228.35","3,228.35","3,272.00","3,225.05","3,254.00","3,252.90","3,257.13",870157,2834216778.05,73081,433294.0,49.79
TCS,EQ,23-Dec-2022,"3,259.70","3,217.00","3,266.85","3,217.00","3,231.00","3,228.35","3,239.40",1360281,4406495701.55,114542,706644.0,51.95
TCS,EQ,22-Dec-2022,"3,268.55","3,294.00","3,294.00","3,245.10","3,255.00","3,259.70","3,260.93",1384101,4513451540.2,97031,773358.0,55.87
TCS,EQ,21-Dec-2022,"3,243.95","3,249.00","3,283.05","3,240.00","3,262.25","3,268.55","3,260.50",1432566,4670887164.8,106805,713178.0,49.78
TCS,EQ,20-Dec-2022,"3,202.05","3,198.90","3,249.00","3,163.65","3,242.00","3,243.95","3,211.24",1529971,4913105552.95,104239,669144.0,43.74
TCS,EQ,19-Dec-2022,"3,240.25","3,227.00","3,245.50","3,194.50","3,205.25","3,202.05","3,210.19",2120965,6808707801.7,102305,1549691.0,73.07
TCS,EQ,16-Dec-2022,"3,305.10","3,275.00","3,292.00","3,225.20","3,235.95","3,240.25","3,255.07",2703680,8800660965.3,128993,1928864.0,71.34
TCS,EQ,15-Dec-2022,"3,365.35","3,358.80","3,364.75","3,298.95","3,303.90","3,305.10","3,325.60",1415694,4708031740.7,80331,879917.0,62.15
TCS,EQ,14-Dec-2022,"3,332.10","3,348.80","3,377.00","3,340.90","3,363.00","3,365.35","3,362.22",1213311,4079413057.25,70963,762006.0,62.80
TCS,EQ,13-Dec-2022,"3,286.45","3,277.20","3,336.45","3,267.80","3,335.00","3,332.10","3,310.82",1378016,4562357640.75,73699,743148.0,53.93
TCS,EQ,12-Dec-2022,"3,292.75","3,255.50","3,296.00","3,236.10","3,285.00","3,286.45","3,274.48",1527610,5002132049.6,103407,775011.0,50.73
TCS,EQ,09-Dec-2022,"3,350.55","3,374.10","3,374.10","3,276.35","3,290.00","3,292.75","3,309.46",1797896,5950067690.9,141806,1010701.0,56.22
TCS,EQ,08-Dec-2022,"3,380.60","3,360.00","3,380.60","3,339.45","3,355.00","3,350.55","3,352.36",1285619,4309859984.2,106006,729438.0,56.74
TCS,EQ,07-Dec-2022,"3,385.35","3,368.30","3,393.70","3,354.00","3,370.00","3,380.60","3,373.53",1167505,3938618103.8,69818,593778.0,50.86
TCS,EQ,06-Dec-2022,"3,425.90","3,400.05","3,407.95","3,368.00","3,383.15","3,385.35","3,382.50",1166999,3947373985.6,107645,608951.0,52.18
TCS,EQ,05-Dec-2022,"3,439.15","3,433.00","3,439.15","3,407.00","3,425.00","3,425.90","3,418.70",1475065,5042803817.7,97290,920179.0,62.38
TCS,EQ,02-Dec-2022,"3,475.65","3,458.10","3,468.90","3,413.00","3,437.10","3,439.15","3,431.97",2411749,8277056081.0,145867,1359185.0,56.36
TCS,EQ,01-Dec-2022,"3,390.80","3,425.00","3,480.00","3,420.00","3,473.20","3,475.65","3,465.56",2180856,7557896562.5,142859,1034714.0,47.45
TCS,EQ,30-Nov-2022,"3,397.35","3,383.00","3,414.90","3,375.00","3,401.00","3,390.80","3,394.24",3410702,11576734182.2,130194,2501862.0,73.35
TCS,EQ,29-Nov-2022,"3,395.25","3,383.00","3,429.00","3,383.00","3,390.00","3,397.35","3,411.59",1576028,5376768884.0,125430,1021300.0,64.80
TCS,EQ,28-Nov-2022,"3,389.65","3,366.00","3,417.00","3,365.55","3,392.00","3,395.25","3,395.48",2195437,7454568768.85,112975,1314425.0,59.87
TCS,EQ,25-Nov-2022,"3,380.15","3,383.00","3,403.35","3,348.00","3,384.00","3,389.65","3,374.67",1588981,5362286252.4,100208,840407.0,52.89
TCS,EQ,24-Nov-2022,"3,308.30","3,316.25","3,392.95","3,308.30","3,383.00","3,380.15","3,355.29",1296591,4350438250.55,79969,723635.0,55.81
TCS,EQ,23-Nov-2022,"3,314.95","3,330.00","3,330.00","3,291.00","3,306.00","3,308.30","3,309.10",1150011,3805502589.0,66618,636807.0,55.37
TCS,EQ,22-Nov-2022,"3,283.50","3,280.00","3,318.95","3,255.25","3,311.00","3,314.95","3,287.74",1149739,3780048017.15,70513,636953.0,55.40
TCS,EQ,21-Nov-2022,"3,343.45","3,322.50","3,333.70","3,273.00","3,282.80","3,283.50","3,295.97",1304194,4298580759.95,84298,816050.0,62.57
TCS,EQ,18-Nov-2022,"3,349.00","3,350.00","3,362.75","3,321.00","3,343.50","3,343.45","3,340.88",1164540,3890590266.85,76531,661585.0,56.81
TCS,EQ,17-Nov-2022,"3,355.35","3,340.00","3,360.00","3,317.75","3,342.20","3,349.00","3,342.56",1417986,4739701185.9,88776,834384.0,58.84
TCS,EQ,16-Nov-2022,"3,332.60","3,338.90","3,367.90","3,321.45","3,360.00","3,355.35","3,353.20",1748235,5862175997.55,103674,900930.0,51.53
TCS,EQ,15-Nov-2022,"3,335.50","3,321.00","3,339.95","3,292.00","3,338.90","3,332.60","3,313.99",1400708,4641936509.75,83190,791681.0,56.52
TCS,BL,14-Nov-2022,"3,161.70","3,315.95","3,315.95","3,315.95","3,315.95","3,315.95","3,315.95",1395939,4628863927.05,1,,-
TCS,EQ,14-Nov-2022,"3,315.95","3,324.00","3,349.00","3,309.00","3,332.00","3,335.50","3,332.83",1342074,4472908370.8,95353,774220.0,57.69
TCS,EQ,11-Nov-2022,"3,205.65","3,269.60","3,341.60","3,255.05","3,315.00","3,315.95","3,315.61",3265394,10826779196.3,196708,2031567.0,62.22
TCS,EQ,10-Nov-2022,"3,216.05","3,170.00","3,225.00","3,170.00","3,205.00","3,205.65","3,208.21",1573092,5046813082.0,107924,955330.0,60.73
TCS,EQ,09-Nov-2022,"3,233.70","3,249.80","3,249.80","3,201.65","3,210.00","3,216.05","3,223.43",1162267,3746480719.5,76155,703211.0,60.50
TCS,EQ,07-Nov-2022,"3,217.40","3,229.00","3,242.80","3,195.10","3,230.80","3,233.70","3,222.99",1474498,4752289070.25,119792,962738.0,65.29
TCS,EQ,04-Nov-2022,"3,206.75","3,217.00","3,220.05","3,166.15","3,220.00","3,217.40","3,192.04",1464013,4673187843.45,72621,841065.0,57.45
TCS,EQ,03-Nov-2022,"3,241.70","3,228.05","3,228.05","3,195.00","3,207.00","3,206.75","3,206.14",1422652,4561227424.65,84814,868245.0,61.03
TCS,EQ,02-Nov-2022,"3,259.70","3,270.00","3,270.00","3,222.05","3,239.00","3,241.70","3,240.22",1405955,4555596591.55,94898,970651.0,69.04
TCS,EQ,01-Nov-2022,"3,193.15","3,214.50","3,262.60","3,203.45","3,259.00","3,259.70","3,241.57",2991060,9695742087.9,149009,1977185.0,66.10
TCS,EQ,31-Oct-2022,"3,163.25","3,199.00","3,199.00","3,177.80","3,180.25","3,193.15","3,191.67",1919414,6126138001.2,94303,1357025.0,70.70
TCS,EQ,28-Oct-2022,"3,157.40","3,150.00","3,178.50","3,145.00","3,161.10","3,163.25","3,164.30",1355739,4289958377.35,71311,988134.0,72.89
TCS,EQ,27-Oct-2022,"3,162.10","3,160.70","3,174.00","3,134.35","3,162.05","3,157.40","3,161.23",2438421,7708420716.55,130001,1750099.0,71.77
TCS,EQ,25-Oct-2022,"3,161.70","3,180.50","3,184.25","3,151.15","3,160.15","3,162.10","3,166.20",2069643,6552904042.3,99745,1453555.0,70.23
TCS,BL,25-Oct-2022,"3,004.55","3,161.70","3,161.70","3,161.70","3,161.70","3,161.70","3,161.70",751017,2374490448.9,1,,-
TCS,EQ,24-Oct-2022,"3,137.40","3,170.10","3,178.00","3,155.00","3,155.00","3,161.70","3,166.78",260949,826368581.35,25561,147148.0,56.39
TCS,EQ,21-Oct-2022,"3,157.30","3,157.80","3,160.40","3,127.00","3,137.30","3,137.40","3,141.55",1021913,3210389407.3,45961,539414.0,52.78
TCS,EQ,20-Oct-2022,"3,121.85","3,105.00","3,160.00","3,105.00","3,157.95","3,157.30","3,144.51",1587601,4992227693.1,94048,929125.0,58.52
TCS,EQ,19-Oct-2022,"3,144.70","3,159.00","3,159.00","3,112.00","3,117.30","3,121.85","3,129.01",1194289,3736938204.0,72626,640341.0,53.62
TCS,EQ,18-Oct-2022,"3,111.75","3,150.00","3,155.35","3,128.55","3,137.00","3,144.70","3,143.06",1793722,5637773526.75,94404,1137170.0,63.40
TCS,EQ,17-Oct-2022,"3,099.15","3,072.65","3,128.40","3,071.45","3,110.00","3,111.75","3,107.10",1517005,4713487675.95,100859,809347.0,53.35
TCS,EQ,14-Oct-2022,"3,103.30","3,145.00","3,150.00","3,071.00","3,101.00","3,099.15","3,116.51",2245977,6999611483.4,118456,1086310.0,48.37
TCS,EQ,13-Oct-2022,"3,100.75","3,100.75","3,110.00","3,052.35","3,100.00","3,103.30","3,082.55",2054781,6333960811.45,104137,1129490.0,54.97
TCS,EQ,12-Oct-2022,"3,069.55","3,084.90","3,109.90","3,062.05","3,099.00","3,100.75","3,094.12",1665247,5152468426.6,103190,723677.0,43.46
TCS,EQ,11-Oct-2022,"3,118.55","3,100.00","3,145.00","3,053.35","3,064.00","3,069.55","3,093.36",4730645,14633572937.3,236043,1381250.0,29.20
TCS,EQ,10-Oct-2022,"3,064.90","3,010.00","3,127.00","3,005.00","3,124.00","3,118.55","3,093.78",3064063,9479526762.85,166518,1184324.0,38.65
TCS,EQ,07-Oct-2022,"3,101.95","3,097.40","3,105.00","3,058.10","3,068.00","3,064.90","3,074.46",1939879,5964085468.65,103889,1170494.0,60.34
TCS,EQ,06-Oct-2022,"3,091.15","3,111.00","3,124.00","3,092.45","3,093.00","3,101.95","3,107.06",1790816,5564164291.95,119572,1104816.0,61.69
TCS,EQ,04-Oct-2022,"2,984.95","3,029.95","3,098.00","3,023.00","3,097.00","3,091.15","3,072.95",2145875,6594168772.85,124233,1076883.0,50.18
TCS,EQ,03-Oct-2022,"3,004.55","2,995.00","3,020.70","2,974.00","2,988.00","2,984.95","2,994.74",1763331,5280709075.05,107448,1030275.0,58.43
TCS,BL,03-Oct-2022,"3,365.05","3,004.55","3,004.55","3,004.55","3,004.55","3,004.55","3,004.55",1154754,3469516130.7,1,,-
TCS,EQ,30-Sep-2024,"4,308.70","4,286.90","4,298.75","4,260.05","4,271.00","4,268.50","4,272.29",2503416,10695320177.3,212084,1980983.0,79.13
TCS,EQ,27-Sep-2024,"4,292.50","4,335.00","4,378.00","4,300.05","4,305.00","4,308.70","4,327.38",3012477,13036144375.45,231071,1629655.0,54.10
TCS,EQ,26-Sep-2024,"4,274.75","4,260.00","4,316.80","4,260.00","4,295.00","4,292.50","4,288.28",3964251,16999820745.85,185888,2744141.0,69.22
TCS,EQ,25-Sep-2024,"4,271.30","4,252.35","4,289.60","4,240.00","4,275.35","4,274.75","4,263.61",2713073,11567483701.95,153942,2071060.0,76.34
TCS,EQ,24-Sep-2024,"4,268.50","4,251.65","4,291.00","4,240.00","4,282.00","4,271.30","4,265.03",3012026,12846372402.7,140428,2425914.0,80.54
TCS,EQ,23-Sep-2024,"4,284.90","4,300.00","4,309.40","4,253.00","4,266.05","4,268.50","4,270.40",1702319,7269588108.95,169788,1044526.0,61.36
TCS,EQ,20-Sep-2024,"4,296.15","4,316.90","4,330.70","4,227.50","4,295.00","4,284.90","4,278.76",5447908,23310316503.1,291115,2801478.0,51.42
TCS,EQ,19-Sep-2024,"4,346.15","4,390.05","4,422.20","4,281.80","4,307.00","4,296.15","4,321.08",2927551,12650187150.25,232656,1509863.0,51.57
TCS,EQ,18-Sep-2024,"4,505.65","4,497.05","4,497.05","4,321.00","4,347.90","4,346.15","4,370.07",2961779,12943188817.6,244673,1563431.0,52.79
TCS,EQ,17-Sep-2024,"4,513.25","4,513.25","4,535.80","4,466.00","4,511.00","4,505.65","4,505.75",1699364,7656902882.2,88562,1205365.0,70.93
TCS,EQ,16-Sep-2024,"4,522.60","4,527.00","4,546.05","4,494.45","4,509.00","4,513.25","4,516.51",1155120,5217113716.25,61456,819874.0,70.98
TCS,EQ,13-Sep-2024,"4,517.70","4,530.00","4,547.00","4,505.00","4,521.75","4,522.60","4,526.87",1458786,6603740972.9,78892,773596.0,53.03
TCS,EQ,12-Sep-2024,"4,479.35","4,510.25","4,532.60","4,431.30","4,495.30","4,517.70","4,485.01",2742216,12298852603.6,179765,1336809.0,48.75
TCS,EQ,11-Sep-2024,"4,507.85","4,521.45","4,549.35","4,471.25","4,495.50","4,479.35","4,504.96",1325919,5973212660.05,127870,885040.0,66.75
TCS,EQ,10-Sep-2024,"4,449.55","4,442.45","4,539.95","4,440.45","4,510.00","4,507.85","4,499.44",1385591,6234377452.2,125535,774002.0,55.86
TCS,EQ,09-Sep-2024,"4,456.75","4,455.00","4,490.25","4,430.50","4,458.00","4,449.55","4,459.58",1184938,5284328321.15,92569,803470.0,67.81
TCS,EQ,06-Sep-2024,"4,475.95","4,473.95","4,518.95","4,440.00","4,460.50","4,456.75","4,466.80",1649179,7366546120.25,148566,754328.0,45.74
TCS,EQ,05-Sep-2024,"4,479.25","4,481.00","4,499.00","4,454.15","4,490.00","4,475.95","4,469.15",1688793,7547477632.9,105236,1126276.0,66.69
TCS,EQ,04-Sep-2024,"4,512.35","4,476.95","4,487.00","4,436.70","4,484.00","4,479.25","4,468.96",1265505,5655496454.35,123447,824480.0,65.15
TCS,EQ,03-Sep-2024,"4,521.05","4,521.05","4,555.90","4,495.90","4,512.65","4,512.35","4,523.60",1717263,7768215760.7,117744,1182755.0,68.87
TCS,EQ,02-Sep-2024,"4,553.75","4,576.00","4,588.00","4,512.00","4,526.40","4,521.05","4,545.25",1216500,5529299899.1,109365,707749.0,58.18
TCS,EQ,30-Aug-2024,"4,511.80","4,500.00","4,592.25","4,487.80","4,562.70","4,553.75","4,545.75",3637222,16533915087.45,155239,2308090.0,63.46
TCS,EQ,29-Aug-2024,"4,506.05","4,460.00","4,556.00","4,460.00","4,507.00","4,511.80","4,515.71",2133641,9634899513.2,138513,1117184.0,52.36
TCS,EQ,28-Aug-2024,"4,497.15","4,498.75","4,562.50","4,457.30","4,513.00","4,506.05","4,515.24",1848058,8344430539.8,127744,1110045.0,60.07
TCS,EQ,27-Aug-2024,"4,502.45","4,505.00","4,510.00","4,486.80","4,491.00","4,497.15","4,496.77",930697,4185134647.0,65265,599149.0,64.38
TCS,EQ,26-Aug-2024,"4,463.90","4,489.00","4,552.15","4,485.00","4,506.60","4,502.45","4,517.26",1844164,8330571610.15,118509,1152094.0,62.47
TCS,EQ,23-Aug-2024,"4,502.00","4,500.00","4,506.00","4,455.00","4,473.05","4,463.90","4,469.04",1809253,8085619687.4,101893,1135736.0,62.77
TCS,EQ,22-Aug-2024,"4,551.50","4,560.00","4,560.95","4,497.20","4,502.00","4,502.00","4,515.52",1829872,8262819007.85,114303,1160455.0,63.42
TCS,EQ,21-Aug-2024,"4,523.30","4,518.00","4,560.00","4,492.55","4,550.00","4,551.50","4,529.61",1896990,8592617038.5,115023,1447546.0,76.31
TCS,EQ,20-Aug-2024,"4,490.00","4,505.00","4,565.00","4,500.00","4,505.00","4,523.30","4,529.50",2212298,10020613301.75,128019,1329501.0,60.10
TCS,EQ,19-Aug-2024,"4,416.05","4,421.00","4,494.25","4,390.35","4,490.00","4,490.00","4,459.62",2055210,9165457457.55,118736,1182630.0,57.54
TCS,EQ,16-Aug-2024,"4,295.25","4,350.00","4,427.00","4,325.10","4,414.20","4,416.05","4,395.48",3457058,15195430172.75,233969,2117237.0,61.24
TCS,EQ,14-Aug-2024,"4,196.95","4,209.00","4,306.20","4,188.15","4,293.00","4,295.25","4,265.75",3226545,13763619690.8,182461,2058456.0,63.80
TCS,EQ,13-Aug-2024,"4,195.65","4,213.00","4,234.00","4,183.00","4,197.00","4,196.95","4,209.09",1495593,6295091175.55,99105,981192.0,65.61
TCS,EQ,12-Aug-2024,"4,228.75","4,230.00","4,239.00","4,186.35","4,193.10","4,195.65","4,210.62",936912,3944978151.6,86028,593190.0,63.31
TCS,EQ,09-Aug-2024,"4,172.55","4,217.00","4,253.65","4,205.55","4,220.00","4,228.75","4,233.82",1302536,5514705150.35,79876,835330.0,64.13
TCS,EQ,08-Aug-2024,"4,200.45","4,181.00","4,232.00","4,160.00","4,174.00","4,172.55","4,190.47",2441283,10230119942.8,120490,1684925.0,69.02
TCS,EQ,07-Aug-2024,"4,171.20","4,228.00","4,244.95","4,180.30","4,201.00","4,200.45","4,201.58",1237666,5200150778.85,102627,796283.0,64.34
TCS,EQ,06-Aug-2024,"4,155.05","4,170.95","4,258.25","4,160.80","4,175.10","4,171.20","4,193.98",2203067,9239608320.05,134281,1428036.0,64.82
TCS,EQ,05-Aug-2024,"4,283.05","4,239.00","4,239.00","4,110.50","4,160.00","4,155.05","4,165.25",2787771,11611760562.2,169844,1792731.0,64.31
TCS,EQ,02-Aug-2024,"4,397.10","4,365.00","4,398.00","4,270.00","4,283.85","4,283.05","4,309.34",2811282,12114777969.55,213069,1705592.0,60.67
TCS,EQ,01-Aug-2024,"4,385.35","4,399.40","4,419.30","4,365.05","4,387.00","4,397.10","4,390.04",2202244,9667930574.85,125252,1406101.0,63.85
TCS,EQ,31-Jul-2024,"4,365.35","4,350.00","4,414.00","4,345.00","4,392.00","4,385.35","4,387.35",2330091,10222933214.05,166542,1726235.0,74.08
TCS,EQ,30-Jul-2024,"4,381.10","4,391.10","4,398.00","4,327.30","4,353.15","4,365.35","4,358.33",1797906,7835871346.1,145705,1275115.0,70.92
TCS,EQ,29-Jul-2024,"4,387.85","4,415.00","4,431.00","4,371.00","4,380.00","4,381.10","4,390.57",1746803,7669454915.15,119852,1260177.0,72.14
TCS,EQ,26-Jul-2024,"4,322.50","4,350.00","4,422.45","4,337.05","4,393.65","4,387.85","4,390.46",3552210,15595841522.45,167036,2259693.0,63.61
TCS,EQ,25-Jul-2024,"4,306.25","4,295.00","4,343.00","4,274.20","4,332.25","4,322.50","4,314.53",2810342,12125310419.4,196421,1830024.0,65.12
TCS,EQ,24-Jul-2024,"4,302.35","4,287.50","4,339.10","4,268.10","4,305.00","4,306.25","4,309.50",1809793,7799303896.95,118444,1152683.0,63.69
TCS,EQ,23-Jul-2024,"4,287.35","4,283.00","4,361.70","4,266.30","4,311.00","4,302.35","4,302.19",2365208,10175578824.25,180645,1466191.0,61.99
TCS,EQ,22-Jul-2024,"4,302.40","4,299.95","4,319.95","4,265.00","4,282.10","4,287.35","4,292.14",1896386,8139560522.25,132112,1295930.0,68.34
TCS,EQ,19-Jul-2024,"4,315.55","4,317.40","4,358.75","4,285.25","4,298.00","4,302.40","4,319.15",3903354,16859178396.2,290294,2160304.0,55.34
TCS,EQ,18-Jul-2024,"4,178.45","4,160.00","4,325.00","4,160.00","4,297.20","4,315.55","4,271.66",5613364,23978361639.45,361931,3043655.0,54.22
TCS,EQ,16-Jul-2024,"4,169.20","4,172.00","4,194.55","4,144.90","4,171.05","4,178.45","4,173.42",2029521,8470051366.65,123240,1481176.0,72.98
TCS,EQ,15-Jul-2024,"4,183.95","4,235.70","4,240.00","4,157.05","4,167.35","4,169.20","4,204.15",4848030,20381843135.15,238210,3467248.0,71.52
TCS,EQ,12-Jul-2024,"3,923.70","3,980.00","4,199.95","3,971.30","4,182.45","4,183.95","4,117.02",13509164,55617454764.65,800145,5960225.0,44.12
TCS,EQ,11-Jul-2024,"3,909.15","3,931.00","3,980.00","3,895.60","3,902.00","3,923.70","3,928.74",4872189,19141549805.05,214372,2951068.0,60.57
TCS,EQ,10-Jul-2024,"3,985.50","3,983.70","4,003.30","3,902.00","3,915.00","3,909.15","3,925.50",2669716,10479963237.85,137357,1713731.0,64.19
TCS,EQ,09-Jul-2024,"3,993.20","3,985.00","4,006.95","3,975.10","3,983.70","3,985.50","3,990.33",1305801,5210579214.45,142268,896047.0,68.62
TCS,EQ,08-Jul-2024,"4,011.80","4,022.00","4,031.25","3,978.05","3,997.00","3,993.20","3,995.83",1758882,7028192322.85,109949,1170916.0,66.57
TCS,EQ,05-Jul-2024,"4,020.95","4,010.00","4,026.75","3,988.00","4,010.00","4,011.80","4,007.40",1668616,6686808295.4,120737,903753.0,54.16
TCS,EQ,04-Jul-2024,"3,965.25","3,999.85","4,047.35","3,982.10","4,019.95","4,020.95","4,024.81",2518001,10134477139.9,140694,1390028.0,55.20
TCS,EQ,03-Jul-2024,"4,017.40","4,020.00","4,026.10","3,955.00","3,968.00","3,965.25","3,969.17",1821198,7228650456.4,131803,1082619.0,59.45
TCS,EQ,02-Jul-2024,"3,978.20","3,993.60","4,023.40","3,982.55","4,009.80","4,017.40","4,005.25",2307449,9241906331.9,193878,1303944.0,56.51
TCS,EQ,01-Jul-2024,"3,904.15","3,884.00","4,001.70","3,884.00","3,963.45","3,978.20","3,968.40",2658723,10550877400.5,152648,1549138.0,58.27
TCS,EQ,28-Jun-2024,"3,934.15","3,917.80","3,960.00","3,897.85","3,906.75","3,904.15","3,924.69",2731571,10720556955.7,178435,1553691.0,56.88
TCS,EQ,27-Jun-2024,"3,855.85","3,831.00","3,942.00","3,818.10","3,928.00","3,934.15","3,897.23",4526556,17641007616.5,308765,2362282.0,52.19
TCS,EQ,26-Jun-2024,"3,838.45","3,844.50","3,866.95","3,841.00","3,853.30","3,855.85","3,856.13",1639845,6323455478.65,159513,1131357.0,68.99
TCS,EQ,25-Jun-2024,"3,816.80","3,817.00","3,847.65","3,792.90","3,840.00","3,838.45","3,822.40",1338808,5117458194.4,140971,926061.0,69.17
TCS,EQ,24-Jun-2024,"3,810.75","3,808.75","3,857.00","3,791.30","3,815.00","3,816.80","3,834.36",1702154,6526663734.2,115165,1073981.0,63.10
TCS,EQ,21-Jun-2024,"3,787.25","3,827.00","3,877.80","3,798.05","3,802.00","3,810.75","3,827.86",4642195,17769672677.3,206639,2264402.0,48.78
TCS,EQ,20-Jun-2024,"3,801.70","3,796.00","3,809.95","3,780.05","3,789.85","3,787.25","3,791.92",2846526,10793810411.95,226469,1713903.0,60.21
TCS,EQ,19-Jun-2024,"3,815.10","3,827.65","3,833.85","3,792.95","3,801.00","3,801.70","3,806.93",1509050,5744844872.3,111353,981626.0,65.05
TCS,EQ,18-Jun-2024,"3,832.05","3,826.05","3,842.00","3,795.05","3,819.00","3,815.10","3,819.14",1774045,6775333799.5,126236,1106791.0,62.39
TCS,EQ,14-Jun-2024,"3,878.15","3,889.00","3,889.00","3,828.00","3,833.00","3,832.05","3,842.00",1860730,7148928964.95,133590,1101634.0,59.20
TCS,EQ,13-Jun-2024,"3,831.65","3,856.80","3,890.00","3,852.00","3,873.00","3,878.15","3,872.82",1932323,7483532564.55,128094,1160787.0,60.07
TCS,EQ,12-Jun-2024,"3,852.10","3,874.40","3,893.50","3,827.45","3,837.00","3,831.65","3,853.40",2177001,8388848726.55,142302,1598098.0,73.41
TCS,EQ,11-Jun-2024,"3,858.70","3,845.00","3,879.95","3,841.00","3,855.65","3,852.10","3,860.66",1419898,5481742091.6,94929,968128.0,68.18
TCS,EQ,10-Jun-2024,"3,893.95","3,895.00","3,905.90","3,841.90","3,859.00","3,858.70","3,864.83",1734661,6704174826.45,117061,1087215.0,62.68
TCS,EQ,07-Jun-2024,"3,830.40","3,837.30","3,915.00","3,837.30","3,888.55","3,893.95","3,891.54",4552445,17716023957.4,277984,2356808.0,51.77
TCS,EQ,06-Jun-2024,"3,746.45","3,781.00","3,839.90","3,741.50","3,836.00","3,830.40","3,796.58",4328036,16431736429.5,281068,2354986.0,54.41
TCS,EQ,05-Jun-2024,"3,715.00","3,716.00","3,783.80","3,700.00","3,755.10","3,746.45","3,747.69",2799670,10492304940.65,205741,1753337.0,62.63
TCS,EQ,04-Jun-2024,"3,702.85","3,700.00","3,745.00","3,591.50","3,732.55","3,715.00","3,694.29",3395997,12545796705.45,274839,1875330.0,55.22
TCS,EQ,03-Jun-2024,"3,670.95","3,732.80","3,751.55","3,696.00","3,706.00","3,702.85","3,713.72",2156773,8009653406.45,203491,1485357.0,68.87
TCS,EQ,31-May-2024,"3,736.10","3,740.00","3,749.80","3,653.75","3,698.00","3,670.95","3,684.36",10956800,40368844653.2,323000,8218394.0,75.01
TCS,EQ,30-May-2024,"3,803.65","3,777.00","3,794.40","3,715.45","3,739.00","3,736.10","3,747.95",2919230,10941116841.4,186630,1998660.0,68.47
TCS,EQ,29-May-2024,"3,839.90","3,848.90","3,848.90","3,800.00","3,803.00","3,803.65","3,817.18",1568095,5985700080.4,118150,1116629.0,71.21
TCS,EQ,28-May-2024,"3,847.05","3,858.00","3,870.00","3,830.00","3,836.90","3,839.90","3,853.34",1801993,6943692168.5,123639,1251465.0,69.45
TCS,EQ,27-May-2024,"3,849.50","3,855.00","3,908.35","3,841.35","3,847.65","3,847.05","3,879.60",1841538,7144426662.95,160642,1143209.0,62.08
TCS,EQ,24-May-2024,"3,893.45","3,878.25","3,883.80","3,844.30","3,850.95","3,849.50","3,857.62",1309452,5051369874.45,88592,762209.0,58.21
TCS,EQ,23-May-2024,"3,832.00","3,840.95","3,905.00","3,825.50","3,899.00","3,893.45","3,871.28",2095742,8113203579.0,131534,938015.0,44.76
TCS,EQ,22-May-2024,"3,820.20","3,835.00","3,841.25","3,817.55","3,831.50","3,832.00","3,830.73",1311168,5022730247.75,101531,805048.0,61.40
TCS,EQ,21-May-2024,"3,851.45","3,830.60","3,844.75","3,810.05","3,825.00","3,820.20","3,820.18",1908117,7289343660.9,200205,1288624.0,67.53
TCS,EQ,18-May-2024,"3,834.10","3,847.00","3,861.90","3,840.00","3,853.35","3,851.45","3,849.42",91066,350551405.7,7224,44715.0,49.10
TCS,EQ,17-May-2024,"3,900.95","3,919.00","3,920.00","3,830.00","3,839.00","3,834.10","3,866.19",2765804,10693118517.05,197919,1821715.0,65.87
TCS,EQ,16-May-2024,"3,880.40","3,891.10","3,909.50","3,843.50","3,892.00","3,900.95","3,882.17",2599399,10091300479.85,187465,1051041.0,40.43
TCS,EQ,15-May-2024,"3,901.20","3,904.50","3,926.95","3,875.50","3,882.70","3,880.40","3,891.38",1115021,4338965538.5,88516,692445.0,62.10
TCS,EQ,14-May-2024,"3,947.80","3,936.00","3,945.80","3,892.90","3,902.00","3,901.20","3,916.22",1058317,4144602576.75,96233,601739.0,56.86
TCS,EQ,13-May-2024,"3,893.90","3,884.50","3,955.00","3,870.00","3,947.00","3,947.80","3,923.12",931326,3653700402.95,96702,476483.0,51.16
TCS,EQ,10-May-2024,"3,960.20","3,962.60","3,973.60","3,885.05","3,895.00","3,893.90","3,914.05",1672489,6546206693.5,142144,833333.0,49.83
TCS,EQ,09-May-2024,"3,976.95","3,962.00","3,971.00","3,910.05","3,956.00","3,960.20","3,948.51",1726486,6817049440.4,156265,786275.0,45.54
TCS,EQ,08-May-2024,"3,978.95","3,961.00","3,984.30","3,938.60","3,968.10","3,976.95","3,968.11",1247685,4950948533.2,110637,780055.0,62.52
TCS,EQ,07-May-2024,"3,921.05","3,930.80","3,988.00","3,913.50","3,975.20","3,978.95","3,951.55",2062112,8148536133.15,128480,1274679.0,61.81
TCS,EQ,06-May-2024,"3,843.40","3,853.00","3,939.95","3,853.00","3,922.20","3,921.05","3,917.99",2053831,8046888044.0,162185,1092024.0,53.17
TCS,EQ,03-May-2024,"3,863.30","3,890.15","3,893.60","3,797.60","3,838.00","3,843.40","3,839.84",2962234,11374519156.95,193038,1531052.0,51.69
TCS,EQ,02-May-2024,"3,820.65","3,778.05","3,871.10","3,778.05","3,865.00","3,863.30","3,846.89",2491044,9582766032.85,220245,1031270.0,41.40
TCS,EQ,30-Apr-2024,"3,870.20","3,872.00","3,881.75","3,810.00","3,823.95","3,820.65","3,841.42",2203078,8462954749.45,144940,1628645.0,73.93
TCS,EQ,29-Apr-2024,"3,821.35","3,838.00","3,877.80","3,819.20","3,865.00","3,870.20","3,860.41",1110693,4287735190.85,109485,666831.0,60.04
TCS,EQ,26-Apr-2024,"3,852.20","3,855.15","3,876.80","3,802.55","3,823.45","3,821.35","3,838.36",2039178,7827090898.4,165343,1199318.0,58.81
TCS,EQ,25-Apr-2024,"3,831.05","3,811.20","3,873.65","3,811.00","3,851.00","3,852.20","3,850.53",2856271,10998153736.8,211754,1534697.0,53.73
TCS,EQ,24-Apr-2024,"3,874.70","3,890.00","3,898.00","3,824.45","3,835.00","3,831.05","3,853.73",1317312,5076558245.0,113695,834223.0,63.33
TCS,EQ,23-Apr-2024,"3,864.60","3,877.05","3,895.00","3,860.60","3,875.00","3,874.70","3,877.69",1807586,7009250573.8,132941,1225651.0,67.81
TCS,EQ,22-Apr-2024,"3,826.20","3,837.00","3,878.00","3,812.00","3,875.90","3,864.60","3,841.58",1728883,6641643736.05,99078,1148694.0,66.44
TCS,EQ,19-Apr-2024,"3,862.00","3,838.00","3,852.55","3,800.90","3,822.15","3,826.20","3,827.74",2957749,11321504897.25,252913,1731769.0,58.55
TCS,EQ,18-Apr-2024,"3,872.80","3,876.80","3,936.00","3,850.00","3,871.00","3,862.00","3,891.42",3476284,13527691591.6,191254,1760108.0,50.63
TCS,EQ,16-Apr-2024,"3,941.20","3,902.00","3,928.70","3,862.85","3,875.95","3,872.80","3,888.73",3051420,11866147836.3,147341,2040122.0,66.86
TCS,EQ,15-Apr-2024,"4,001.40","4,001.40","4,064.20","3,919.05","3,940.80","3,941.20","3,990.50",4200329,16761416762.1,245404,1465213.0,34.88
TCS,EQ,12-Apr-2024,"3,984.65","3,971.00","4,013.35","3,945.50","4,003.80","4,001.40","3,990.61",4354821,17378376127.55,200517,2312553.0,53.10
TCS,EQ,10-Apr-2024,"3,946.55","3,956.40","3,990.20","3,918.00","3,980.75","3,984.65","3,956.43",2101965,8316267625.3,108594,1344752.0,63.98
TCS,EQ,09-Apr-2024,"3,972.55","3,984.00","4,015.85","3,925.05","3,948.75","3,946.55","3,967.73",1876992,7447401521.4,102114,1176639.0,62.69
TCS,EQ,08-Apr-2024,"3,979.25","3,983.00","4,032.65","3,960.00","3,964.90","3,972.55","4,000.29",2302538,9210823451.5,145126,1649249.0,71.63
TCS,EQ,05-Apr-2024,"4,003.30","3,978.00","4,002.00","3,960.50","3,983.00","3,979.25","3,983.17",1636819,6519723297.55,95801,1036981.0,63.35
TCS,EQ,04-Apr-2024,"3,947.30","3,975.90","4,028.65","3,935.25","4,000.00","4,003.30","3,983.10",3394637,13521178797.2,196204,1581295.0,46.58
TCS,EQ,03-Apr-2024,"3,883.80","3,851.00","3,981.00","3,851.00","3,950.05","3,947.30","3,940.47",3973090,15655836798.6,232561,2447069.0,61.59
TCS,EQ,02-Apr-2024,"3,916.75","3,890.00","3,909.85","3,873.00","3,890.20","3,883.80","3,886.53",2142666,8327525479.35,152218,1649088.0,76.96
TCS,EQ,01-Apr-2024,"3,876.30","3,897.70","3,933.30","3,888.05","3,924.00","3,916.75","3,905.77",1569676,6130799234.6,142337,1035605.0,65.98
TCS,EQ,28-Mar-2024,"3,840.90","3,850.10","3,915.00","3,840.50","3,882.10","3,876.30","3,880.57",4311783,16732186615.05,242073,2346012.0,54.41
TCS,EQ,27-Mar-2024,"3,877.50","3,888.50","3,895.00","3,829.40","3,854.15","3,840.90","3,861.60",1968575,7601845471.0,152258,1385664.0,70.39
TCS,EQ,26-Mar-2024,"3,910.90","3,875.00","3,946.70","3,871.45","3,883.00","3,877.50","3,894.29",3440925,13399953628.95,176329,2522467.0,73.31
TCS,EQ,22-Mar-2024,"3,972.95","3,897.00","3,938.00","3,855.00","3,909.00","3,910.90","3,903.24",5852485,22843670096.35,431155,3246731.0,55.48
TCS,EQ,21-Mar-2024,"3,970.90","3,990.05","4,008.40","3,948.00","3,979.45","3,972.95","3,972.92",3829582,15214604392.05,227156,2407623.0,62.87
TCS,EQ,20-Mar-2024,"3,977.30","3,986.00","4,018.00","3,960.20","3,974.95","3,970.90","3,995.10",1817913,7262745848.35,134030,883011.0,48.57
TCS,EQ,19-Mar-2024,"4,152.50","4,051.25","4,058.00","3,966.60","3,971.00","3,977.30","4,022.55",8931209,35926206807.15,293529,3595481.0,40.26
TCS,EQ,18-Mar-2024,"4,219.25","4,215.25","4,254.75","4,117.85","4,144.25","4,152.50","4,196.78",1526904,6408084083.05,129335,808311.0,52.94
TCS,EQ,15-Mar-2024,"4,207.60","4,192.60","4,239.00","4,177.00","4,220.00","4,219.25","4,213.31",3373143,14212088365.25,176623,2128963.0,63.12
TCS,EQ,14-Mar-2024,"4,149.00","4,153.45","4,225.00","4,086.00","4,207.75","4,207.60","4,166.30",2919608,12163965941.7,262125,1459709.0,50.00
TCS,EQ,13-Mar-2024,"4,192.25","4,205.00","4,241.00","4,131.90","4,139.00","4,149.00","4,177.33",2837260,11852184104.8,208881,1655638.0,58.35
TCS,EQ,12-Mar-2024,"4,122.35","4,122.35","4,229.95","4,121.05","4,194.55","4,192.25","4,198.28",4039801,16960233961.3,216551,1814985.0,44.93
TCS,EQ,11-Mar-2024,"4,108.60","4,089.00","4,153.00","4,089.00","4,120.00","4,122.35","4,124.96",2304068,9504184843.45,188233,1510509.0,65.56
TCS,EQ,07-Mar-2024,"4,064.30","4,065.00","4,124.00","4,037.70","4,105.00","4,108.60","4,099.00",2688905,11021820076.2,154179,1636303.0,60.85
TCS,EQ,06-Mar-2024,"4,012.10","3,994.05","4,072.00","3,958.45","4,058.00","4,064.30","4,012.65",1744204,6998878535.55,140908,894364.0,51.28
TCS,EQ,05-Mar-2024,"4,080.70","4,062.00","4,064.00","3,980.00","4,010.90","4,012.10","4,017.34",2070859,8319342582.8,152615,1347590.0,65.07
TCS,EQ,04-Mar-2024,"4,107.10","4,105.00","4,117.90","4,075.90","4,082.00","4,080.70","4,090.25",1749271,7154955206.3,114412,1295900.0,74.08
TCS,EQ,02-Mar-2024,"4,094.35","4,112.70","4,129.50","4,090.15","4,110.00","4,107.10","4,110.65",65057,267426764.05,8974,34991.0,53.79
TCS,EQ,01-Mar-2024,"4,095.10","4,107.20","4,140.00","4,086.80","4,093.00","4,094.35","4,110.85",2043265,8399555212.15,157981,1202586.0,58.86
TCS,EQ,29-Feb-2024,"4,118.95","4,099.00","4,138.10","4,064.55","4,113.00","4,095.10","4,098.60",3772719,15462863779.5,165001,2223680.0,58.94
TCS,EQ,28-Feb-2024,"4,104.40","4,095.60","4,154.90","4,089.00","4,109.90","4,118.95","4,126.35",1939225,8001915262.3,139242,1044776.0,53.88
TCS,EQ,27-Feb-2024,"4,001.05","3,999.00","4,124.00","3,999.00","4,100.50","4,104.40","4,083.47",2960475,12089017645.25,235296,1732919.0,58.54
TCS,EQ,26-Feb-2024,"4,052.10","4,036.00","4,050.00","3,982.75","4,001.90","4,001.05","4,001.89",1379284,5519738697.4,168908,943439.0,68.40
TCS,EQ,23-Feb-2024,"4,087.10","4,130.00","4,130.00","4,046.40","4,046.40","4,052.10","4,086.76",2538072,10372488169.05,207942,1764308.0,69.51
TCS,EQ,22-Feb-2024,"3,991.50","3,971.00","4,094.95","3,971.00","4,082.55","4,087.10","4,036.74",2982052,12037760611.3,233453,1465287.0,49.14
TCS,EQ,21-Feb-2024,"4,030.65","4,013.00","4,063.35","3,980.60","3,987.00","3,991.50","4,025.98",1885939,7592748600.05,135075,1093371.0,57.97
TCS,EQ,20-Feb-2024,"4,103.80","4,082.10","4,098.00","4,010.00","4,035.00","4,030.65","4,047.78",1193648,4831625596.8,108310,628009.0,52.61
TCS,EQ,19-Feb-2024,"4,128.30","4,123.05","4,128.30","4,055.00","4,099.85","4,103.80","4,092.76",772291,3160800378.55,70873,343479.0,44.48
TCS,EQ,16-Feb-2024,"4,103.20","4,113.25","4,147.95","4,100.10","4,122.30","4,128.30","4,124.07",1307556,5392447497.55,125414,660555.0,50.52
TCS,EQ,15-Feb-2024,"4,100.10","4,128.00","4,146.30","4,083.00","4,106.00","4,103.20","4,107.34",1091582,4483499686.35,117286,479725.0,43.95
TCS,EQ,14-Feb-2024,"4,149.50","4,107.00","4,114.90","4,049.50","4,106.00","4,100.10","4,092.10",1391283,5693275185.95,126863,844545.0,60.70
TCS,EQ,13-Feb-2024,"4,120.70","4,125.45","4,170.00","4,081.50","4,145.00","4,149.50","4,130.03",1257415,5193163729.6,140800,757833.0,60.27
TCS,EQ,12-Feb-2024,"4,133.70","4,130.00","4,159.60","4,105.55","4,119.00","4,120.70","4,128.10",1013716,4184716444.45,110339,545028.0,53.77
TCS,EQ,09-Feb-2024,"4,134.10","4,136.55","4,184.75","4,100.00","4,132.00","4,133.70","4,135.50",2100596,8687013883.3,204415,836221.0,39.81
TCS,EQ,08-Feb-2024,"4,083.40","4,090.00","4,158.00","4,086.05","4,137.85","4,134.10","4,122.74",2345173,9668540283.35,212471,946960.0,40.38
TCS,EQ,07-Feb-2024,"4,136.00","4,153.00","4,155.00","4,073.95","4,085.00","4,083.40","4,115.33",2124267,8742061109.55,177689,1433758.0,67.49
TCS,EQ,06-Feb-2024,"3,973.30","3,997.00","4,149.90","3,990.00","4,129.35","4,136.00","4,106.33",4474396,18373368282.15,325723,2479611.0,55.42
TCS,EQ,05-Feb-2024,"3,966.30","3,983.00","4,022.00","3,962.10","3,966.95","3,973.30","3,996.07",1691523,6759438477.25,156341,1015070.0,60.01
TCS,EQ,02-Feb-2024,"3,854.15","3,875.05","3,984.40","3,872.00","3,959.20","3,966.30","3,944.48",2826510,11149116302.85,271200,1435372.0,50.78
TCS,EQ,01-Feb-2024,"3,815.95","3,820.00","3,904.90","3,805.05","3,842.65","3,854.15","3,863.88",2363107,9130767055.9,200156,1267308.0,53.63
TCS,EQ,31-Jan-2024,"3,800.55","3,811.20","3,834.00","3,796.45","3,804.00","3,815.95","3,814.91",2459358,9382220705.45,166663,1824652.0,74.19
TCS,EQ,30-Jan-2024,"3,801.00","3,807.45","3,847.80","3,787.00","3,801.40","3,800.55","3,816.76",1411621,5387816849.15,96931,914543.0,64.79
TCS,EQ,29-Jan-2024,"3,810.30","3,800.80","3,820.00","3,780.85","3,807.00","3,801.00","3,798.49",1646747,6255155335.6,114028,1142824.0,69.40
TCS,EQ,25-Jan-2024,"3,841.80","3,839.90","3,861.00","3,778.70","3,807.00","3,810.30","3,803.09",2205154,8386394648.75,186169,1332663.0,60.43
TCS,BL,25-Jan-2024,"3,514.65","3,841.80","3,841.80","3,841.80","3,841.80","3,841.80","3,841.80",27024,103820803.2,1,,-
TCS,EQ,24-Jan-2024,"3,858.25","3,880.00","3,883.65","3,805.60","3,859.40","3,841.80","3,842.01",2657709,10210948798.05,119466,1984308.0,74.66
TCS,EQ,23-Jan-2024,"3,860.65","3,900.00","3,933.90","3,842.75","3,860.05","3,858.25","3,881.80",2618854,10165879227.3,214176,1756285.0,67.06
TCS,EQ,20-Jan-2024,"3,943.05","3,948.00","3,955.65","3,855.55","3,859.30","3,860.65","3,896.81",516477,2012614827.2,47373,222448.0,43.07
TCS,EQ,19-Jan-2024,"3,902.60","3,945.00","3,963.55","3,915.05","3,947.00","3,943.05","3,942.73",2941975,11599414329.35,272591,1933463.0,65.72
TCS,EQ,18-Jan-2024,"3,884.60","3,898.00","3,908.80","3,862.00","3,902.00","3,902.60","3,887.98",2239110,8705605580.15,200495,1362977.0,60.87
TCS,EQ,17-Jan-2024,"3,861.30","3,819.00","3,909.95","3,812.55","3,880.00","3,884.60","3,882.57",3458696,13428630127.85,161556,2230573.0,64.49
TCS,EQ,16-Jan-2024,"3,903.80","3,899.00","3,899.00","3,855.55","3,861.05","3,861.30","3,873.57",1432672,5549555027.65,157027,900573.0,62.86
TCS,EQ,15-Jan-2024,"3,882.80","3,960.00","3,965.00","3,885.00","3,902.00","3,903.80","3,922.67",2801505,10989386687.15,265310,1562049.0,55.76
TCS,EQ,12-Jan-2024,"3,735.55","3,848.00","3,905.25","3,821.60","3,881.90","3,882.80","3,873.63",6813450,26392805818.3,337824,3768543.0,55.31
TCS,EQ,11-Jan-2024,"3,713.05","3,724.00","3,773.00","3,707.00","3,726.70","3,735.55","3,738.42",1777909,6646566140.9,135916,899818.0,50.61
TCS,EQ,10-Jan-2024,"3,689.90","3,690.00","3,729.25","3,688.00","3,707.05","3,713.05","3,706.94",1292227,4790202220.4,111912,755246.0,58.45
TCS,EQ,09-Jan-2024,"3,678.30","3,709.95","3,752.35","3,682.75","3,696.00","3,689.90","3,716.16",1370944,5094642955.85,112174,756812.0,55.20
TCS,EQ,08-Jan-2024,"3,737.90","3,737.90","3,739.75","3,672.40","3,680.85","3,678.30","3,696.43",1067805,3947062246.4,137547,629551.0,58.96
TCS,EQ,05-Jan-2024,"3,666.80","3,675.00","3,747.75","3,674.85","3,738.60","3,737.90","3,721.70",1963127,7306170829.65,155406,1033124.0,52.63
TCS,EQ,04-Jan-2024,"3,691.75","3,701.75","3,719.00","3,651.00","3,668.60","3,666.80","3,668.32",3598144,13199152251.35,220494,2670094.0,74.21
TCS,EQ,03-Jan-2024,"3,783.20","3,767.00","3,771.85","3,687.05","3,692.60","3,691.75","3,711.76",1803075,6692584987.5,208012,1188251.0,65.90
TCS,EQ,02-Jan-2024,"3,811.10","3,811.10","3,811.10","3,767.25","3,781.15","3,783.20","3,787.05",1344068,5090055959.15,133902,928322.0,69.07
TCS,EQ,01-Jan-2024,"3,793.40","3,790.00","3,832.00","3,773.00","3,803.00","3,811.10","3,804.27",825907,3141974600.85,94008,421397.0,51.02
TCS,EQ,29-Dec-2023,"3,799.90","3,792.00","3,822.60","3,765.40","3,800.00","3,793.40","3,796.92",1574996,5980129693.8,131434,1004864.0,63.80
TCS,EQ,28-Dec-2023,"3,811.20","3,824.00","3,838.00","3,792.10","3,796.15","3,799.90","3,811.22",1682889,6413855833.1,133761,1016895.0,60.43
TCS,EQ,27-Dec-2023,"3,795.55","3,799.00","3,818.20","3,768.00","3,808.00","3,811.20","3,792.62",1293976,4907556179.85,135647,779111.0,60.21
TCS,EQ,26-Dec-2023,"3,824.00","3,819.85","3,834.00","3,790.15","3,798.10","3,795.55","3,806.25",1285231,4891912408.6,105834,746906.0,58.11
TCS,EQ,22-Dec-2023,"3,787.50","3,800.00","3,845.95","3,762.00","3,814.00","3,824.00","3,805.11",2413058,9181961989.95,210826,1329736.0,55.11
TCS,EQ,21-Dec-2023,"3,780.05","3,756.25","3,806.70","3,743.35","3,796.65","3,787.50","3,783.40",1517562,5741545164.75,141897,661412.0,43.58
TCS,EQ,20-Dec-2023,"3,816.20","3,827.25","3,898.80","3,766.55","3,774.00","3,780.05","3,841.02",2586083,9933185211.45,173222,1345951.0,52.05
TCS,EQ,19-Dec-2023,"3,859.20","3,845.00","3,855.10","3,790.00","3,808.00","3,816.20","3,814.98",2004435,7646876716.95,133647,1088070.0,54.28
TCS,EQ,18-Dec-2023,"3,861.00","3,858.10","3,929.00","3,830.15","3,856.00","3,859.20","3,872.72",2521612,9765502705.8,178532,1156164.0,45.85
TCS,EQ,15-Dec-2023,"3,667.25","3,666.70","3,895.95","3,666.70","3,871.00","3,861.00","3,810.10",8531230,32504850648.6,363820,4817725.0,56.47
TCS,EQ,14-Dec-2023,"3,593.55","3,630.00","3,678.00","3,627.60","3,670.00","3,667.25","3,664.15",3290396,12056488520.3,217977,2136355.0,64.93
TCS,EQ,13-Dec-2023,"3,672.10","3,643.55","3,650.00","3,563.00","3,597.00","3,593.55","3,596.72",3850968,13850861323.25,307799,2493877.0,64.76
TCS,EQ,12-Dec-2023,"3,642.90","3,638.95","3,698.40","3,631.00","3,665.50","3,672.10","3,673.19",2236866,8216432575.75,193557,1398051.0,62.50
TCS,EQ,11-Dec-2023,"3,626.70","3,622.90","3,653.00","3,615.00","3,643.00","3,642.90","3,638.96",1102503,4011962538.6,79129,763415.0,69.24
TCS,EQ,08-Dec-2023,"3,614.90","3,633.00","3,645.00","3,602.05","3,625.00","3,626.70","3,622.26",1641155,5944690506.0,111965,774207.0,47.17
TCS,EQ,07-Dec-2023,"3,604.10","3,605.00","3,630.55","3,591.70","3,618.00","3,614.90","3,615.53",1967653,7114113153.35,169670,1157011.0,58.80
TCS,EQ,06-Dec-2023,"3,531.60","3,532.60","3,612.85","3,525.15","3,600.60","3,604.10","3,573.48",1896572,6777360136.5,109178,1028717.0,54.24
TCS,EQ,05-Dec-2023,"3,512.45","3,538.00","3,538.00","3,502.80","3,533.60","3,531.60","3,520.66",1377656,4850257950.2,74749,818570.0,59.42
TCS,EQ,04-Dec-2023,"3,511.65","3,544.65","3,547.80","3,498.00","3,514.45","3,512.45","3,514.58",1625213,5711934381.15,105864,958947.0,59.00
TCS,EQ,01-Dec-2023,"3,487.60","3,500.00","3,516.95","3,490.05","3,512.00","3,511.65","3,503.53",1172141,4106636662.55,90309,710553.0,60.62
TCS,EQ,30-Nov-2023,"3,513.75","3,499.45","3,516.65","3,481.00","3,487.90","3,487.60","3,492.69",3266235,11407956559.4,136958,2362566.0,72.33
TCS,EQ,29-Nov-2023,"3,470.15","3,481.00","3,518.00","3,475.80","3,514.60","3,513.75","3,503.48",1441634,5050729225.7,140282,920188.0,63.83
TCS,EQ,28-Nov-2023,"3,457.10","3,457.10","3,481.25","3,433.00","3,473.30","3,470.15","3,454.10",1689195,5834649202.9,120747,1125100.0,66.61
TCS,EQ,24-Nov-2023,"3,508.25","3,494.25","3,504.55","3,453.00","3,454.00","3,457.10","3,474.52",1989733,6913359986.45,137682,1075004.0,54.03
TCS,EQ,23-Nov-2023,"3,530.15","3,530.00","3,544.00","3,500.00","3,507.00","3,508.25","3,516.84",2729804,9600272250.3,170315,1933265.0,70.82
TCS,EQ,22-Nov-2023,"3,510.20","3,500.00","3,532.65","3,481.10","3,530.50","3,530.15","3,510.71",1798051,6312427531.7,121170,1149027.0,63.90
TCS,EQ,21-Nov-2023,"3,519.60","3,519.60","3,539.05","3,501.00","3,510.00","3,510.20","3,525.61",1807236,6371610015.95,141954,1360143.0,75.26
TCS,EQ,20-Nov-2023,"3,502.45","3,491.25","3,533.90","3,491.25","3,520.00","3,519.60","3,518.20",1475621,5191524462.85,133758,917412.0,62.17
TCS,EQ,17-Nov-2023,"3,497.85","3,497.85","3,524.50","3,492.55","3,499.00","3,502.45","3,510.08",2021292,7094891279.55,159877,1111855.0,55.01
TCS,EQ,16-Nov-2023,"3,404.30","3,430.05","3,529.35","3,414.20","3,497.00","3,497.85","3,484.46",3951984,13770516229.1,256300,1866641.0,47.23
TCS,EQ,15-Nov-2023,"3,331.55","3,383.10","3,413.00","3,356.05","3,408.60","3,404.30","3,390.15",2059802,6983037380.85,117652,1449421.0,70.37
TCS,EQ,13-Nov-2023,"3,357.30","3,356.00","3,356.00","3,327.00","3,332.00","3,331.55","3,333.43",1030990,3436731318.9,92128,825729.0,80.09
TCS,EQ,12-Nov-2023,"3,333.45","3,350.00","3,359.00","3,345.00","3,358.90","3,357.30","3,355.70",173346,581697254.35,22226,116967.0,67.48
TCS,EQ,10-Nov-2023,"3,347.45","3,338.00","3,347.45","3,322.35","3,341.00","3,333.45","3,331.70",1338557,4459665543.6,93667,930907.0,69.55
TCS,EQ,09-Nov-2023,"3,381.55","3,390.10","3,391.50","3,342.05","3,350.00","3,347.45","3,363.59",2112352,7105080612.55,146431,1260477.0,59.67
TCS,EQ,08-Nov-2023,"3,370.45","3,371.45","3,401.95","3,369.55","3,382.65","3,381.55","3,387.91",992899,3363852490.7,91615,630418.0,63.49
TCS,EQ,07-Nov-2023,"3,380.25","3,378.00","3,404.15","3,366.00","3,371.55","3,370.45","3,378.26",1191144,4023994967.2,82322,853147.0,71.62
TCS,EQ,06-Nov-2023,"3,350.90","3,375.00","3,392.30","3,359.00","3,385.00","3,380.25","3,374.03",1099852,3710928578.4,69041,864446.0,78.60
TCS,EQ,03-Nov-2023,"3,360.10","3,382.00","3,387.90","3,344.30","3,351.00","3,350.90","3,362.79",1402598,4716646465.75,111516,955820.0,68.15
TCS,EQ,02-Nov-2023,"3,330.65","3,343.20","3,375.95","3,343.20","3,363.00","3,360.10","3,363.98",1245384,4189448412.5,97073,542537.0,43.56
TCS,EQ,01-Nov-2023,"3,368.75","3,355.00","3,371.60","3,311.00","3,311.40","3,330.65","3,347.22",1563475,5233296947.8,112623,1148529.0,73.46
TCS,EQ,31-Oct-2023,"3,378.55","3,399.00","3,399.00","3,350.05","3,371.80","3,368.75","3,368.00",999811,3367364685.15,109355,584532.0,58.46
TCS,EQ,30-Oct-2023,"3,350.95","3,350.00","3,382.85","3,333.75","3,381.00","3,378.55","3,368.57",910972,3068672170.25,74251,442422.0,48.57
TCS,EQ,27-Oct-2023,"3,336.75","3,350.00","3,362.00","3,337.00","3,350.00","3,350.95","3,351.03",1108851,3715795757.45,112673,626899.0,56.54
TCS,EQ,26-Oct-2023,"3,390.10","3,368.05","3,373.70","3,330.00","3,331.80","3,336.75","3,346.35",1984471,6640734038.6,203800,1206477.0,60.80
TCS,EQ,25-Oct-2023,"3,410.15","3,390.50","3,425.00","3,377.20","3,390.55","3,390.10","3,398.15",1518537,5160213346.45,133032,959916.0,63.21
TCS,EQ,23-Oct-2023,"3,494.55","3,473.00","3,478.95","3,401.30","3,409.15","3,410.15","3,442.60",1106272,3808455848.35,126787,635413.0,57.44
TCS,EQ,20-Oct-2023,"3,455.65","3,450.40","3,499.50","3,444.05","3,491.85","3,494.55","3,485.40",1481211,5162609717.1,142361,811900.0,54.81
TCS,EQ,19-Oct-2023,"3,487.25","3,469.50","3,476.85","3,451.90","3,454.80","3,455.65","3,461.86",1514545,5243145783.65,164438,814343.0,53.77
TCS,EQ,18-Oct-2023,"3,507.05","3,511.00","3,522.70","3,484.00","3,492.50","3,487.25","3,500.28",1408245,4929245451.05,147692,915176.0,64.99
TCS,EQ,17-Oct-2023,"3,524.05","3,530.00","3,534.15","3,503.35","3,509.00","3,507.05","3,516.16",1672065,5879254819.95,125942,1200270.0,71.78
TCS,EQ,16-Oct-2023,"3,570.85","3,566.00","3,574.65","3,519.10","3,521.00","3,524.05","3,539.03",1671104,5914086791.5,162600,1113479.0,66.63
TCS,EQ,13-Oct-2023,"3,542.55","3,530.00","3,577.00","3,525.00","3,574.30","3,570.85","3,562.28",2890357,10296267661.05,262330,1770918.0,61.27
TCS,EQ,12-Oct-2023,"3,609.90","3,575.00","3,588.65","3,538.10","3,543.00","3,542.55","3,555.40",4241281,15079440683.5,314201,2149379.0,50.68
TCS,EQ,11-Oct-2023,"3,628.90","3,650.00","3,650.00","3,605.00","3,613.00","3,609.90","3,625.72",2426417,8797500442.75,151957,1477594.0,60.90
TCS,EQ,10-Oct-2023,"3,638.35","3,640.05","3,648.00","3,601.35","3,629.50","3,628.90","3,623.90",1848148,6697511578.25,170957,898605.0,48.62
TCS,EQ,09-Oct-2023,"3,621.40","3,645.05","3,679.00","3,631.00","3,633.00","3,638.35","3,652.75",4233074,15462357801.5,337303,2313193.0,54.65
TCS,EQ,06-Oct-2023,"3,589.35","3,591.00","3,634.95","3,575.05","3,621.25","3,621.40","3,606.29",2075691,7485547134.95,157117,1217280.0,58.64
TCS,EQ,05-Oct-2023,"3,537.75","3,554.00","3,624.00","3,551.20","3,590.00","3,589.35","3,589.48",2990768,10735300327.6,195202,1344658.0,44.96
TCS,EQ,04-Oct-2023,"3,513.85","3,486.30","3,548.00","3,477.30","3,545.00","3,537.75","3,504.95",1788138,6267337422.0,102259,1115764.0,62.40
TCS,EQ,03-Oct-2023,"3,528.60","3,534.20","3,534.20","3,480.10","3,507.10","3,513.85","3,508.19",1948148,6834465531.05,134041,1188071.0,60.98
TCS,EQ,30-Sep-2025,"2,896.10","2,911.00","2,915.30","2,885.10","2,891.00","2,888.40","2,895.89",2253458,6525755380.4,201510,1319728.0,58.56
TCS,EQ,29-Sep-2025,"2,899.10","2,916.00","2,929.30","2,894.00","2,904.30","2,896.10","2,904.37",3110035,9032690025.7,179197,2120974.0,68.20
TCS,EQ,26-Sep-2025,"2,957.40","2,941.00","2,954.80","2,891.30","2,905.40","2,899.10","2,915.19",3934636,11470204570.0,390339,2554500.0,64.92
TCS,EQ,25-Sep-2025,"3,035.40","3,022.00","3,029.60","2,951.00","2,958.00","2,957.40","2,977.56",4974361,14811452426.9,418858,3433593.0,69.03
TCS,EQ,24-Sep-2025,"3,062.40","3,050.00","3,057.00","3,033.00","3,036.80","3,035.40","3,044.04",1625714,4948746206.6,101133,1077171.0,66.26
TCS,EQ,23-Sep-2025,"3,073.80","3,070.00","3,080.70","3,052.00","3,065.00","3,062.40","3,063.85",3177741,9736121756.2,141198,1680183.0,52.87
TCS,EQ,22-Sep-2025,"3,169.20","3,095.00","3,106.90","3,065.00","3,075.50","3,073.80","3,082.86",3634901,11205889441.1,321272,1989475.0,54.73
TCS,EQ,19-Sep-2025,"3,176.70","3,170.00","3,180.50","3,144.00","3,171.00","3,169.20","3,163.36",4901694,15505826514.1,109280,3674528.0,74.96
TCS,EQ,18-Sep-2025,"3,172.80","3,185.00","3,203.00","3,161.40","3,177.00","3,176.70","3,179.00",2633138,8370738058.4,147801,1458914.0,55.41
TCS,EQ,17-Sep-2025,"3,145.70","3,152.00","3,182.40","3,142.40","3,175.00","3,172.80","3,170.19",2418271,7666388043.2,100973,1647994.0,68.15
TCS,EQ,16-Sep-2025,"3,111.90","3,128.00","3,150.00","3,109.10","3,147.90","3,145.70","3,132.70",2573429,8061782019.3,96675,1489928.0,57.90
TCS,EQ,15-Sep-2025,"3,133.40","3,134.00","3,134.00","3,096.00","3,112.50","3,111.90","3,108.20",1732539,5385083002.3,145801,1223812.0,70.64
TCS,EQ,12-Sep-2025,"3,124.20","3,144.00","3,148.70","3,121.00","3,133.00","3,133.40","3,134.12",1447167,4535589799.8,103589,993836.0,68.67
TCS,EQ,11-Sep-2025,"3,110.00","3,139.00","3,139.00","3,110.10","3,125.20","3,124.20","3,121.51",2263446,7065362076.9,126730,1177834.0,52.04
TCS,EQ,10-Sep-2025,"3,049.40","3,056.40","3,122.70","3,053.40","3,110.00","3,110.00","3,104.63",2079428,6455861143.7,127545,938263.0,45.12
TCS,EQ,09-Sep-2025,"3,019.00","3,032.10","3,060.00","3,030.80","3,052.00","3,049.40","3,048.62",2489301,7588929067.9,164479,1049895.0,42.18
TCS,BL,09-Sep-2025,"3,266.00","3,019.00","3,019.00","3,019.00","3,019.00","3,019.00","3,019.00",262693,793070167.0,1,,-
TCS,EQ,08-Sep-2025,"3,048.30","3,050.00","3,064.90","3,016.00","3,023.20","3,019.00","3,028.84",2626187,7954291229.0,112429,1720345.0,65.51
TCS,EQ,05-Sep-2025,"3,095.70","3,097.10","3,103.40","3,028.60","3,048.00","3,048.30","3,052.10",2802055,8552162278.6,203461,1465593.0,52.30
TCS,EQ,04-Sep-2025,"3,097.50","3,116.00","3,118.00","3,090.80","3,095.80","3,095.70","3,101.37",1481391,4594343759.6,104731,769710.0,51.96
TCS,EQ,03-Sep-2025,"3,111.50","3,129.90","3,141.90","3,088.00","3,100.00","3,097.50","3,102.69",1799774,5584147665.6,106698,1025073.0,56.96
TCS,EQ,02-Sep-2025,"3,112.60","3,121.10","3,155.00","3,103.10","3,112.00","3,111.50","3,125.54",2185229,6830018367.9,154171,1134456.0,51.91
TCS,EQ,01-Sep-2025,"3,084.70","3,090.00","3,131.10","3,090.00","3,111.00","3,112.60","3,118.12",1246862,3887860373.5,85857,495607.0,39.75
TCS,EQ,29-Aug-2025,"3,093.70","3,093.00","3,115.00","3,077.20","3,083.80","3,084.70","3,093.86",2271789,7028604709.3,109782,1374444.0,60.50
TCS,EQ,28-Aug-2025,"3,157.20","3,145.00","3,146.50","3,086.50","3,098.00","3,093.70","3,110.39",3116051,9692121881.3,204600,1752435.0,56.24
TCS,EQ,26-Aug-2025,"3,140.60","3,129.00","3,162.00","3,120.00","3,157.00","3,157.20","3,152.41",5522097,17407935331.0,173962,3983150.0,72.13
TCS,EQ,25-Aug-2025,"3,054.00","3,087.30","3,152.00","3,077.10","3,142.10","3,140.60","3,133.79",3448370,10806464376.7,200973,1796383.0,52.09
TCS,EQ,22-Aug-2025,"3,102.60","3,086.00","3,095.70","3,050.00","3,054.70","3,054.00","3,068.45",1593791,4890462450.3,82740,836020.0,52.45
TCS,EQ,21-Aug-2025,"3,098.60","3,130.00","3,130.00","3,083.10","3,100.00","3,102.60","3,107.84",3230726,10040586025.7,119697,2028606.0,62.79
TCS,EQ,20-Aug-2025,"3,016.20","3,010.90","3,103.40","3,010.90","3,094.80","3,098.60","3,078.21",4952358,15244401986.4,190110,3210074.0,64.82
TCS,EQ,19-Aug-2025,"3,011.20","3,011.20","3,025.00","3,011.10","3,018.00","3,016.20","3,016.58",2650784,7996291836.9,119303,2072920.0,78.20
TCS,EQ,18-Aug-2025,"3,022.30","3,046.50","3,049.00","3,003.40","3,013.00","3,011.20","3,015.34",2945609,8882005616.6,137367,2014568.0,68.39
TCS,EQ,14-Aug-2025,"3,036.20","3,034.00","3,055.90","3,019.10","3,022.50","3,022.30","3,032.52",3342174,10135212616.4,194661,2290360.0,68.53
TCS,EQ,13-Aug-2025,"3,035.40","3,036.10","3,044.40","3,028.60","3,035.00","3,036.20","3,037.72",2148166,6525533464.3,117340,1487436.0,69.24
TCS,EQ,12-Aug-2025,"3,040.80","3,041.00","3,096.40","3,026.90","3,039.80","3,035.40","3,057.38",3358232,10267395734.8,165565,2092242.0,62.30
TCS,EQ,11-Aug-2025,"3,036.40","3,036.40","3,049.90","3,021.30","3,042.00","3,040.80","3,040.50",1884215,5728958255.6,132617,1340095.0,71.12
TCS,EQ,08-Aug-2025,"3,047.00","3,048.10","3,059.80","3,025.00","3,031.90","3,036.40","3,043.58",2762140,8406805181.0,119961,1911858.0,69.22
TCS,EQ,07-Aug-2025,"3,032.30","3,016.00","3,051.60","3,010.90","3,049.10","3,047.00","3,032.09",2543076,7710829083.3,138156,1664541.0,65.45
TCS,EQ,06-Aug-2025,"3,063.90","3,063.00","3,066.80","3,026.00","3,031.60","3,032.30","3,037.10",1487081,4516412670.5,109992,1006545.0,67.69
TCS,EQ,05-Aug-2025,"3,074.40","3,074.40","3,077.50","3,042.00","3,060.00","3,063.90","3,057.96",1927996,5895739286.3,118848,1380270.0,71.59
TCS,EQ,04-Aug-2025,"3,003.00","3,009.10","3,079.40","2,991.60","3,078.70","3,074.40","3,046.24",2519252,7674244863.5,154005,1775012.0,70.46
TCS,EQ,01-Aug-2025,"3,036.80","3,029.90","3,036.80","3,000.00","3,001.10","3,003.00","3,013.79",2053847,6189863144.5,154119,1378316.0,67.11
TCS,EQ,31-Jul-2025,"3,053.60","3,041.70","3,059.80","3,015.00","3,033.20","3,036.80","3,034.36",2968371,9007105954.3,199367,1843385.0,62.10
TCS,EQ,30-Jul-2025,"3,056.00","3,060.00","3,069.00","3,047.20","3,052.10","3,053.60","3,058.58",2880121,8809078906.8,127490,2297558.0,79.77
TCS,EQ,29-Jul-2025,"3,079.30","3,060.00","3,074.00","3,041.20","3,057.00","3,056.00","3,056.04",4785312,14624090930.7,247039,3701660.0,77.35
TCS,EQ,28-Jul-2025,"3,135.80","3,110.00","3,118.00","3,069.90","3,085.80","3,079.30","3,092.56",3374473,10435752450.0,273133,2228745.0,66.05
TCS,EQ,25-Jul-2025,"3,148.00","3,140.00","3,156.90","3,125.60","3,140.00","3,135.80","3,140.77",2568917,8068375805.9,105704,1865883.0,72.63
TCS,EQ,24-Jul-2025,"3,179.10","3,165.10","3,173.70","3,140.00","3,144.90","3,148.00","3,155.37",2934778,9260312011.3,102612,2078166.0,70.81
TCS,EQ,23-Jul-2025,"3,159.60","3,159.60","3,182.00","3,157.60","3,175.00","3,179.10","3,169.59",1922875,6094730938.8,96628,1444368.0,75.12
TCS,EQ,22-Jul-2025,"3,158.20","3,159.60","3,180.10","3,154.60","3,164.70","3,159.60","3,163.54",3198036,10117107299.1,138279,2368727.0,74.07
TCS,EQ,21-Jul-2025,"3,189.90","3,190.00","3,197.60","3,152.00","3,158.90","3,158.20","3,162.44",3844346,12157519336.9,195683,3015136.0,78.43
TCS,EQ,18-Jul-2025,"3,209.20","3,225.00","3,228.80","3,187.00","3,189.60","3,189.90","3,201.13",3432645,10988348160.4,195464,2699991.0,78.66
TCS,EQ,17-Jul-2025,"3,233.10","3,224.10","3,242.00","3,204.10","3,207.70","3,209.20","3,220.48",2947640,9492807475.5,157207,1867207.0,63.35
TCS,EQ,16-Jul-2025,"3,252.30","3,227.00","3,244.90","3,220.60","3,230.90","3,233.10","3,235.91",2540733,8221586412.6,172998,1836366.0,72.28
TCS,EQ,15-Jul-2025,"3,222.70","3,206.00","3,259.40","3,206.00","3,252.00","3,252.30","3,243.32",2590889,8403081368.1,171257,1762338.0,68.02
TCS,BL,14-Jul-2025,"4,160.70","3,266.00","3,266.00","3,266.00","3,266.00","3,266.00","3,266.00",333698,1089857668.0,1,,-
TCS,EQ,14-Jul-2025,"3,266.00","3,266.00","3,272.00","3,200.00","3,227.50","3,222.70","3,224.72",3924009,12653811861.8,396894,2760493.0,70.35
TCS,EQ,11-Jul-2025,"3,382.00","3,299.90","3,335.00","3,261.10","3,264.50","3,266.00","3,295.45",7635550,25162551686.4,552284,5062574.0,66.30
TCS,EQ,10-Jul-2025,"3,383.80","3,380.00","3,399.00","3,356.00","3,395.00","3,382.00","3,379.02",3035012,10255361029.9,176792,1719068.0,56.64
TCS,EQ,09-Jul-2025,"3,406.20","3,410.00","3,414.00","3,367.00","3,386.00","3,383.80","3,387.16",2034938,6892661354.3,191376,1279329.0,62.87
TCS,EQ,08-Jul-2025,"3,411.70","3,405.00","3,425.00","3,393.40","3,406.00","3,406.20","3,407.01",2325242,7922116743.7,178045,1661198.0,71.44
TCS,EQ,07-Jul-2025,"3,419.80","3,418.30","3,426.10","3,408.40","3,410.60","3,411.70","3,417.70",1639174,5602206127.8,73810,1118374.0,68.23
TCS,EQ,04-Jul-2025,"3,400.80","3,408.00","3,427.00","3,390.10","3,420.00","3,419.80","3,413.91",1109320,3787117009.9,87593,644036.0,58.06
TCS,EQ,03-Jul-2025,"3,423.30","3,430.00","3,435.30","3,397.60","3,400.00","3,400.80","3,414.55",2531870,8645207975.4,131370,1819603.0,71.87
TCS,EQ,02-Jul-2025,"3,429.70","3,487.20","3,489.90","3,420.00","3,423.50","3,423.30","3,445.44",3090585,10648436048.1,111947,1716364.0,55.54
TCS,EQ,01-Jul-2025,"3,462.00","3,455.00","3,485.00","3,413.50","3,430.00","3,429.70","3,439.04",2375183,8168354151.0,125874,1376618.0,57.96
TCS,EQ,30-Jun-2025,"3,441.10","3,439.90","3,464.90","3,430.00","3,460.00","3,462.00","3,452.05",1468351,5068827379.2,130938,952875.0,64.89
TCS,EQ,27-Jun-2025,"3,441.80","3,455.00","3,466.40","3,431.00","3,445.00","3,441.10","3,445.16",1778433,6126978962.5,122369,1139101.0,64.05
TCS,EQ,26-Jun-2025,"3,444.80","3,444.80","3,451.40","3,415.30","3,443.00","3,441.80","3,437.70",2879106,9897501153.9,143687,1717081.0,59.64
TCS,EQ,25-Jun-2025,"3,390.40","3,407.30","3,450.00","3,400.00","3,443.00","3,444.80","3,422.33",1757699,6015421913.0,101280,1044025.0,59.40
TCS,EQ,24-Jun-2025,"3,393.60","3,434.60","3,442.10","3,382.00","3,392.00","3,390.40","3,408.47",3403048,11599175864.4,178183,2073351.0,60.93
TCS,EQ,23-Jun-2025,"3,435.70","3,415.00","3,425.00","3,370.00","3,392.00","3,393.60","3,392.20",3123421,10595271627.8,153401,2160111.0,69.16
TCS,EQ,20-Jun-2025,"3,424.00","3,425.00","3,446.30","3,410.90","3,429.10","3,435.70","3,432.16",2351248,8069855528.7,100374,1674052.0,71.20
TCS,EQ,19-Jun-2025,"3,451.40","3,450.00","3,451.00","3,413.00","3,420.00","3,424.00","3,426.54",2672768,9158351862.5,125292,1433831.0,53.65
TCS,EQ,18-Jun-2025,"3,515.30","3,519.10","3,538.00","3,443.10","3,455.00","3,451.40","3,483.78",2696327,9393397237.6,103359,1285029.0,47.66
TCS,EQ,17-Jun-2025,"3,496.30","3,510.00","3,520.00","3,488.10","3,512.00","3,515.30","3,511.25",2111940,7415551942.2,145498,1331538.0,63.05
TCS,EQ,16-Jun-2025,"3,445.70","3,440.00","3,509.00","3,426.20","3,496.20","3,496.30","3,493.01",1934088,6755788711.2,109847,1181835.0,61.11
TCS,EQ,13-Jun-2025,"3,434.20","3,393.20","3,450.50","3,393.20","3,447.40","3,445.70","3,436.18",2178493,7485689915.9,140820,1521002.0,69.82
TCS,EQ,12-Jun-2025,"3,471.90","3,471.90","3,474.70","3,423.20","3,432.00","3,434.20","3,447.13",4060134,13995794452.1,164333,2420793.0,59.62
TCS,EQ,11-Jun-2025,"3,462.90","3,470.00","3,489.00","3,449.10","3,470.80","3,471.90","3,471.90",2847013,9884549517.9,163525,2172976.0,76.32
TCS,EQ,10-Jun-2025,"3,421.90","3,440.00","3,485.80","3,423.20","3,461.90","3,462.90","3,462.61",2419874,8379090971.3,109195,1524141.0,62.98
TCS,EQ,09-Jun-2025,"3,384.20","3,400.00","3,434.00","3,390.90","3,423.00","3,421.90","3,420.68",1718678,5879053289.4,73412,1257044.0,73.14
TCS,EQ,06-Jun-2025,"3,371.10","3,371.10","3,390.90","3,358.70","3,388.00","3,384.20","3,376.59",2070390,6990855288.4,94941,1482546.0,71.61
TCS,EQ,05-Jun-2025,"3,380.90","3,409.00","3,409.00","3,363.70","3,374.00","3,371.10","3,380.39",3584683,12117623680.0,129913,2261231.0,63.08
TCS,EQ,04-Jun-2025,"3,405.20","3,389.00","3,394.80","3,370.00","3,381.00","3,380.90","3,382.86",2544807,8608717239.6,185107,1714119.0,67.36
TCS,EQ,03-Jun-2025,"3,449.80","3,446.00","3,473.50","3,400.50","3,411.40","3,405.20","3,418.44",2848125,9736154029.8,195278,1746886.0,61.33
TCS,EQ,02-Jun-2025,"3,463.40","3,450.00","3,460.00","3,418.60","3,445.80","3,449.80","3,441.46",1877585,6461635240.3,105414,1188069.0,63.28
TCS,EQ,30-May-2025,"3,498.10","3,490.00","3,506.70","3,453.10","3,460.00","3,463.40","3,473.80",3404365,11826074213.6,104081,2532800.0,74.40
TCS,EQ,29-May-2025,"3,497.70","3,504.70","3,532.50","3,486.50","3,494.00","3,498.10","3,500.24",3188072,11159021439.9,146463,1613813.0,50.62
TCS,EQ,28-May-2025,"3,498.70","3,520.00","3,529.00","3,493.00","3,500.10","3,497.70","3,501.32",1222933,4281880586.6,80594,774223.0,63.31
TCS,EQ,27-May-2025,"3,537.30","3,532.00","3,540.00","3,483.10","3,501.00","3,498.70","3,500.34",2467680,8637718829.7,165908,1251300.0,50.71
TCS,EQ,26-May-2025,"3,514.60","3,521.00","3,545.00","3,510.10","3,538.00","3,537.30","3,536.37",967470,3421330419.5,67043,523834.0,54.14
TCS,EQ,23-May-2025,"3,477.00","3,477.00","3,535.00","3,465.60","3,508.00","3,514.60","3,511.99",1274331,4475440377.4,71383,674867.0,52.96
TCS,EQ,22-May-2025,"3,525.80","3,495.00","3,497.80","3,451.30","3,483.40","3,477.00","3,473.54",2034383,7066503817.8,138574,994931.0,48.91
TCS,EQ,21-May-2025,"3,498.30","3,508.00","3,537.00","3,498.30","3,521.10","3,525.80","3,523.98",1440153,5075075089.3,72782,959668.0,66.64
TCS,EQ,20-May-2025,"3,518.80","3,531.80","3,558.00","3,494.00","3,503.00","3,498.30","3,515.81",2038374,7166541410.9,138343,1246214.0,61.14
TCS,EQ,19-May-2025,"3,561.30","3,550.00","3,550.00","3,503.70","3,518.00","3,518.80","3,522.37",2537377,8937585448.8,129050,1587809.0,62.58
TCS,EQ,16-May-2025,"3,579.90","3,593.90","3,593.90","3,546.10","3,561.30","3,561.30","3,559.81",1666727,5933224873.8,117749,1056392.0,63.38
TCS,EQ,15-May-2025,"3,548.70","3,564.00","3,600.00","3,514.10","3,576.50","3,579.90","3,565.55",3548330,12651735793.0,172937,1678653.0,47.31
TCS,EQ,14-May-2025,"3,515.00","3,521.00","3,561.00","3,508.60","3,547.00","3,548.70","3,543.04",2119499,7509459955.3,136543,1404895.0,66.28
TCS,EQ,13-May-2025,"3,620.40","3,620.40","3,623.00","3,510.50","3,518.00","3,515.00","3,541.51",3062887,10847250162.2,221289,1762852.0,57.56
TCS,EQ,12-May-2025,"3,440.30","3,505.00","3,630.50","3,502.20","3,626.50","3,620.40","3,577.93",2228678,7974051782.1,146104,1189063.0,53.35
TCS,EQ,09-May-2025,"3,448.90","3,399.00","3,446.20","3,398.10","3,439.90","3,440.30","3,428.44",2531757,8679986664.6,151453,1575315.0,62.22
TCS,EQ,08-May-2025,"3,445.10","3,448.00","3,477.00","3,428.70","3,434.20","3,448.90","3,451.58",2543591,8779405820.4,116139,1528153.0,60.08
TCS,EQ,07-May-2025,"3,460.00","3,420.60","3,459.50","3,420.60","3,448.00","3,445.10","3,442.07",1477128,5084383270.5,89334,949257.0,64.26
TCS,EQ,06-May-2025,"3,454.30","3,460.00","3,473.00","3,437.00","3,451.60","3,460.00","3,458.05",1324763,4581101196.3,65526,843965.0,63.71
TCS,EQ,05-May-2025,"3,444.70","3,450.00","3,504.50","3,446.40","3,454.60","3,454.30","3,466.59",1284443,4452637028.7,96657,720885.0,56.12
TCS,EQ,02-May-2025,"3,453.70","3,472.00","3,491.50","3,420.00","3,438.00","3,444.70","3,450.76",2115624,7300505304.3,124212,1344455.0,63.55
TCS,EQ,30-Apr-2025,"3,472.50","3,472.00","3,509.90","3,366.00","3,431.80","3,453.70","3,464.02",2809332,9731586389.3,129048,1927631.0,68.62
TCS,EQ,29-Apr-2025,"3,443.50","3,455.00","3,495.00","3,430.40","3,473.00","3,472.50","3,470.18",1578332,5477091995.8,95060,834027.0,52.84
TCS,EQ,28-Apr-2025,"3,448.00","3,435.00","3,457.80","3,405.00","3,441.00","3,443.50","3,438.58",1593296,5478682188.5,94204,943941.0,59.24
TCS,EQ,25-Apr-2025,"3,401.60","3,420.00","3,477.80","3,405.00","3,434.00","3,448.00","3,442.01",2742991,9441414787.6,151400,1429795.0,52.13
TCS,EQ,24-Apr-2025,"3,413.00","3,401.10","3,412.50","3,387.70","3,406.00","3,401.60","3,398.95",2252175,7655036870.7,158061,1566847.0,69.57
TCS,EQ,23-Apr-2025,"3,314.40","3,365.00","3,420.90","3,337.30","3,405.00","3,413.00","3,398.75",3543923,12044899557.3,164989,2082133.0,58.75
TCS,EQ,22-Apr-2025,"3,321.60","3,322.60","3,333.90","3,295.00","3,312.50","3,314.40","3,315.22",2710498,8985899446.7,151282,1610606.0,59.42
TCS,EQ,21-Apr-2025,"3,298.90","3,290.10","3,354.00","3,284.10","3,319.00","3,321.60","3,325.96",2432946,8091878392.8,127748,1426351.0,58.63
TCS,EQ,17-Apr-2025,"3,273.80","3,245.50","3,303.60","3,218.00","3,297.40","3,298.90","3,262.86",2932346,9567836127.7,183984,1437783.0,49.03
TCS,EQ,16-Apr-2025,"3,248.20","3,248.20","3,278.10","3,229.00","3,274.00","3,273.80","3,260.92",2384391,7775304840.9,131199,1411198.0,59.18
TCS,EQ,15-Apr-2025,"3,231.50","3,314.40","3,314.40","3,238.60","3,255.00","3,248.20","3,257.87",3512160,11442174035.7,166106,2297346.0,65.41
TCS,EQ,11-Apr-2025,"3,246.60","3,289.55","3,298.95","3,206.00","3,238.00","3,231.50","3,243.04",7108961,23054618625.45,354463,4101170.0,57.69
TCS,EQ,09-Apr-2025,"3,292.95","3,260.55","3,270.00","3,212.05","3,239.00","3,246.60","3,248.58",2990265,9714105049.5,184251,1885168.0,63.04
TCS,EQ,08-Apr-2025,"3,274.05","3,302.05","3,349.00","3,255.30","3,292.80","3,292.95","3,296.22",5557558,18318927917.45,236248,3224046.0,58.01
TCS,EQ,07-Apr-2025,"3,299.40","3,100.00","3,291.40","3,056.05","3,285.00","3,274.05","3,167.51",6623955,20981463559.1,386019,4378585.0,66.10
TCS,EQ,04-Apr-2025,"3,403.15","3,362.60","3,399.65","3,295.50","3,304.85","3,299.40","3,318.10",5317367,17643541008.05,216133,3855516.0,72.51
TCS,EQ,03-Apr-2025,"3,543.95","3,491.00","3,502.00","3,396.15","3,403.30","3,403.15","3,422.75",4537821,15531809156.15,248807,2983469.0,65.75
TCS,EQ,02-Apr-2025,"3,550.80","3,544.00","3,564.10","3,530.05","3,545.00","3,543.95","3,547.15",1764313,6258290323.8,80651,1204853.0,68.29
TCS,EQ,01-Apr-2025,"3,606.15","3,572.70","3,584.00","3,525.00","3,556.45","3,550.80","3,548.01",2618493,9290445221.4,167344,1672092.0,63.86
TCS,EQ,28-Mar-2025,"3,651.20","3,651.00","3,660.95","3,591.90","3,604.00","3,606.15","3,613.75",2051919,7415124946.4,129740,1428630.0,69.62
TCS,EQ,27-Mar-2025,"3,635.80","3,614.85","3,663.00","3,610.50","3,645.00","3,651.20","3,649.02",2528474,9226448354.45,125080,1751050.0,69.25
TCS,EQ,26-Mar-2025,"3,657.75","3,647.75","3,680.50","3,625.85","3,630.55","3,635.80","3,656.16",1734499,6341597992.4,141204,1125435.0,64.89
TCS,EQ,25-Mar-2025,"3,628.95","3,645.00","3,710.00","3,638.00","3,641.00","3,657.75","3,673.54",3135390,11517985340.8,181313,1675966.0,53.45
TCS,EQ,24-Mar-2025,"3,578.10","3,600.00","3,649.75","3,566.60","3,633.00","3,628.95","3,615.19",1834751,6632970557.7,107825,1106270.0,60.30
TCS,EQ,21-Mar-2025,"3,563.15","3,475.00","3,616.25","3,465.00","3,578.00","3,578.10","3,561.68",4161925,14823464307.85,188951,2515047.0,60.43
TCS,EQ,20-Mar-2025,"3,497.10","3,512.00","3,578.95","3,512.00","3,556.50","3,563.15","3,559.81",2845192,10128343015.65,156792,1873064.0,65.83
TCS,EQ,19-Mar-2025,"3,552.45","3,547.00","3,547.00","3,462.75","3,505.00","3,497.10","3,484.81",3051244,10632994898.7,181144,1864625.0,61.11
TCS,EQ,18-Mar-2025,"3,497.70","3,502.35","3,556.95","3,478.45","3,545.65","3,552.45","3,530.44",3069109,10835299304.9,139204,2047199.0,66.70
TCS,EQ,17-Mar-2025,"3,511.05","3,489.00","3,530.45","3,477.35","3,499.90","3,497.70","3,496.62",2690906,9409068295.75,171510,1891043.0,70.28
TCS,EQ,13-Mar-2025,"3,506.20","3,502.30","3,524.30","3,484.10","3,509.05","3,511.05","3,504.71",1693004,5933491139.45,98963,1074125.0,63.44
TCS,EQ,12-Mar-2025,"3,575.30","3,565.00","3,569.25","3,486.85","3,507.80","3,506.20","3,504.81",3174167,11124852701.55,175588,2049932.0,64.58
TCS,EQ,11-Mar-2025,"3,589.65","3,558.00","3,588.75","3,537.65","3,585.00","3,575.30","3,567.93",1995450,7119617263.55,142820,1305684.0,65.43
TCS,EQ,10-Mar-2025,"3,611.20","3,606.50","3,622.10","3,582.60","3,589.00","3,589.65","3,602.11",1004626,3618776661.3,75981,654716.0,65.17
TCS,EQ,07-Mar-2025,"3,601.60","3,600.00","3,625.00","3,574.40","3,602.00","3,611.20","3,605.34",2051315,7395690221.35,131372,1392501.0,67.88
TCS,EQ,06-Mar-2025,"3,547.05","3,557.00","3,609.45","3,536.10","3,592.10","3,601.60","3,571.61",2786513,9952339476.2,201910,1792915.0,64.34
TCS,EQ,05-Mar-2025,"3,532.05","3,520.85","3,600.35","3,520.85","3,557.00","3,547.05","3,561.68",2501894,8910937236.55,145336,1695934.0,67.79
TCS,EQ,04-Mar-2025,"3,493.05","3,474.00","3,551.00","3,464.30","3,533.00","3,532.05","3,518.16",2797737,9842880030.3,157084,1837354.0,65.67
TCS,EQ,03-Mar-2025,"3,483.25","3,485.00","3,523.25","3,476.15","3,506.00","3,493.05","3,497.97",4990439,17456399246.2,248034,3903959.0,78.23
TCS,EQ,28-Feb-2025,"3,612.55","3,584.95","3,600.00","3,457.00","3,478.00","3,483.25","3,491.80",7085018,24739464379.85,340110,5087477.0,71.81
TCS,EQ,27-Feb-2025,"3,629.55","3,611.70","3,638.00","3,600.70","3,608.05","3,612.55","3,613.50",3823856,13817496735.8,212465,3058793.0,79.99
TCS,EQ,25-Feb-2025,"3,675.60","3,625.00","3,658.00","3,621.25","3,627.00","3,629.55","3,638.67",4101954,14925647967.55,198489,2871986.0,70.02
TCS,EQ,24-Feb-2025,"3,786.00","3,743.15","3,763.20","3,670.00","3,671.00","3,675.60","3,701.20",2508516,9284523845.2,172279,1828578.0,72.89
TCS,EQ,21-Feb-2025,"3,779.40","3,776.10","3,817.00","3,775.00","3,789.90","3,786.00","3,792.04",1833931,6954338537.8,125392,1159950.0,63.25
TCS,EQ,20-Feb-2025,"3,784.10","3,761.50","3,788.00","3,751.30","3,788.00","3,779.40","3,772.99",2888572,10898564437.85,184053,2195342.0,76.00
TCS,EQ,19-Feb-2025,"3,873.20","3,872.20","3,874.95","3,768.15","3,785.00","3,784.10","3,796.48",4366672,16578004180.7,229923,3134639.0,71.79
TCS,EQ,18-Feb-2025,"3,904.50","3,898.40","3,924.40","3,864.50","3,873.00","3,873.20","3,891.66",2149879,8366596747.55,135773,1516041.0,70.52
TCS,EQ,17-Feb-2025,"3,934.85","3,856.50","3,934.00","3,856.20","3,908.00","3,904.50","3,911.78",1799806,7040439519.8,168626,1224845.0,68.05
TCS,EQ,14-Feb-2025,"3,910.15","3,925.00","3,948.00","3,900.00","3,928.00","3,934.85","3,921.57",1681975,6595986554.05,163805,1123005.0,66.77
TCS,EQ,13-Feb-2025,"3,950.15","3,968.00","3,984.45","3,902.25","3,920.00","3,910.15","3,930.80",2277310,8951639767.6,163030,1498339.0,65.79
TCS,EQ,12-Feb-2025,"3,963.55","3,971.10","4,021.75","3,940.15","3,956.25","3,950.15","3,978.32",1678002,6675628781.95,128576,877252.0,52.28
TCS,EQ,11-Feb-2025,"4,036.95","4,018.40","4,040.00","3,955.00","3,967.00","3,963.55","3,989.58",1810908,7224758107.05,121478,1010823.0,55.82
TCS,EQ,10-Feb-2025,"4,029.40","4,040.00","4,052.00","4,014.35","4,034.00","4,036.95","4,035.26",1339511,5405279190.45,133697,891261.0,66.54
TCS,EQ,07-Feb-2025,"4,082.75","4,090.00","4,090.00","4,008.00","4,032.00","4,029.40","4,033.06",1548940,6246965406.4,177110,993255.0,64.12
TCS,EQ,06-Feb-2025,"4,091.10","4,105.40","4,139.50","4,051.55","4,087.00","4,082.75","4,080.65",2284536,9322389842.5,183903,1396375.0,61.12
TCS,EQ,05-Feb-2025,"4,107.05","4,150.00","4,150.00","4,076.00","4,086.00","4,091.10","4,096.29",1693912,6938752665.75,130235,1199334.0,70.80
TCS,EQ,04-Feb-2025,"4,068.65","4,083.70","4,118.85","4,066.05","4,105.15","4,107.05","4,098.00",2547132,10438141551.8,141942,1843488.0,72.38
TCS,EQ,03-Feb-2025,"4,073.15","4,030.90","4,077.00","3,998.70","4,064.00","4,068.65","4,045.97",1265713,5121041211.0,155134,782762.0,61.84
TCS,EQ,01-Feb-2025,"4,112.40","4,113.00","4,135.90","4,056.00","4,073.00","4,073.15","4,082.48",437172,1784747121.1,49186,175483.0,40.14
TCS,EQ,31-Jan-2025,"4,100.05","4,110.00","4,128.45","4,085.25","4,114.15","4,112.40","4,106.05",1492943,6130103902.2,121858,1042620.0,69.84
TCS,EQ,30-Jan-2025,"4,099.80","4,099.90","4,129.90","4,058.50","4,100.00","4,100.05","4,098.87",1531251,6276404777.9,97767,859803.0,56.15
TCS,EQ,29-Jan-2025,"4,040.30","4,054.00","4,107.85","4,054.00","4,105.00","4,099.80","4,091.12",1217089,4979253773.0,108284,697347.0,57.30
TCS,EQ,28-Jan-2025,"4,065.15","4,070.80","4,102.00","4,028.30","4,040.00","4,040.30","4,057.30",2468272,10014514674.15,150121,1505478.0,60.99
TCS,EQ,27-Jan-2025,"4,152.35","4,102.00","4,156.35","4,041.05","4,067.00","4,065.15","4,088.62",1551782,6344644149.25,143859,1013049.0,65.28
TCS,EQ,24-Jan-2025,"4,145.45","4,104.00","4,178.00","4,104.00","4,153.10","4,152.35","4,155.62",1910099,7937640859.2,99760,1317211.0,68.96
TCS,EQ,23-Jan-2025,"4,156.60","4,168.00","4,191.35","4,140.05","4,148.00","4,145.45","4,161.12",1822998,7585718475.4,139860,1124451.0,61.68
TCS,BL,23-Jan-2025,"3,841.80","4,160.70","4,160.70","4,160.70","4,160.70","4,160.70","4,160.70",163862,681780623.4,1,,-
TCS,EQ,22-Jan-2025,"4,035.85","4,050.00","4,163.15","4,044.20","4,152.00","4,156.60","4,132.48",2409223,9956065096.7,153702,1285687.0,53.37
TCS,EQ,21-Jan-2025,"4,077.80","4,095.30","4,111.00","4,030.00","4,038.00","4,035.85","4,065.27",1971591,8015045148.0,148666,799046.0,40.53
TCS,EQ,20-Jan-2025,"4,124.30","4,145.80","4,145.80","4,068.10","4,080.00","4,077.80","4,085.51",1287799,5261320398.8,148489,844130.0,65.55
TCS,EQ,17-Jan-2025,"4,206.30","4,159.90","4,160.60","4,100.05","4,130.00","4,124.30","4,132.60",1761466,7279436408.25,157671,1115204.0,63.31
TCS,EQ,16-Jan-2025,"4,249.60","4,260.00","4,294.00","4,191.85","4,215.00","4,206.30","4,212.91",2637705,11112418871.4,176306,1710860.0,64.86
TCS,EQ,15-Jan-2025,"4,233.05","4,218.00","4,256.45","4,207.45","4,255.40","4,249.60","4,229.68",1653474,6993667215.6,130857,1186396.0,71.75
TCS,EQ,14-Jan-2025,"4,291.10","4,302.00","4,313.90","4,219.05","4,241.15","4,233.05","4,252.06",3441709,14634369218.5,180842,2470988.0,71.80
TCS,EQ,13-Jan-2025,"4,265.65","4,245.00","4,322.95","4,227.40","4,299.00","4,291.10","4,294.04",4003771,17192353666.25,270932,2226104.0,55.60
TCS,EQ,10-Jan-2025,"4,038.85","4,200.00","4,297.00","4,170.00","4,265.00","4,265.65","4,240.63",7894300,33476809439.65,436975,2978124.0,37.72
TCS,EQ,09-Jan-2025,"4,108.40","4,101.00","4,137.75","4,025.30","4,044.00","4,038.85","4,073.67",2392472,9746149398.35,183446,1162001.0,48.57
TCS,EQ,08-Jan-2025,"4,028.30","4,034.90","4,126.00","4,017.75","4,095.05","4,108.40","4,056.18",2181277,8847652251.5,180073,1258381.0,57.69
TCS,EQ,07-Jan-2025,"4,095.00","4,114.95","4,140.35","4,011.55","4,031.00","4,028.30","4,045.86",2669054,10798629271.2,177825,1585862.0,59.42
TCS,EQ,06-Jan-2025,"4,099.90","4,105.50","4,149.65","4,066.40","4,090.00","4,095.00","4,107.14",2085593,8565822653.7,158660,1388663.0,66.58
TCS,EQ,03-Jan-2025,"4,175.75","4,179.95","4,179.95","4,092.30","4,097.00","4,099.90","4,114.17",1791953,7372404407.85,125354,983880.0,54.91
TCS,EQ,02-Jan-2025,"4,112.45","4,120.00","4,183.00","4,096.95","4,166.00","4,175.75","4,159.77",1720835,7158273705.25,124549,910701.0,52.92
TCS,EQ,01-Jan-2025,"4,094.80","4,094.40","4,134.00","4,085.45","4,112.00","4,112.45","4,112.75",763161,3138692117.15,99498,369867.0,48.47
TCS,EQ,31-Dec-2024,"4,158.80","4,135.00","4,139.95","4,032.05","4,106.00","4,094.80","4,079.71",1555429,6345700031.05,162877,854601.0,54.94
TCS,EQ,30-Dec-2024,"4,164.85","4,151.00","4,199.30","4,112.00","4,150.00","4,158.80","4,152.08",1527169,6340928576.3,116250,913896.0,59.84
TCS,EQ,27-Dec-2024,"4,169.10","4,163.00","4,180.95","4,147.25","4,157.10","4,164.85","4,163.19",858100,3572437410.85,88194,509029.0,59.32
TCS,EQ,26-Dec-2024,"4,179.50","4,179.50","4,199.95","4,143.15","4,170.00","4,169.10","4,163.43",1208464,5031352687.2,106756,759763.0,62.87
TCS,EQ,24-Dec-2024,"4,158.30","4,158.30","4,218.00","4,158.30","4,182.00","4,179.50","4,186.17",1181886,4947571708.95,77609,533344.0,45.13
TCS,EQ,23-Dec-2024,"4,170.30","4,200.05","4,217.00","4,114.90","4,157.05","4,158.30","4,150.99",2195338,9112820726.95,149845,1154260.0,52.58
TCS,EQ,20-Dec-2024,"4,271.90","4,329.00","4,382.00","4,152.50","4,177.05","4,170.30","4,239.81",4116989,17455242238.8,214598,1996120.0,48.48
TCS,EQ,19-Dec-2024,"4,347.85","4,282.00","4,364.00","4,262.00","4,281.00","4,271.90","4,302.28",3015763,12974663426.65,217876,1901387.0,63.05
TCS,EQ,18-Dec-2024,"4,328.50","4,311.70","4,362.00","4,289.60","4,355.65","4,347.85","4,333.96",1575404,6827736370.0,106590,908340.0,57.66
TCS,EQ,17-Dec-2024,"4,415.20","4,410.00","4,432.95","4,318.00","4,322.70","4,328.50","4,346.26",3225027,14016805137.0,172049,2249458.0,69.75
TCS,EQ,16-Dec-2024,"4,473.90","4,459.00","4,475.00","4,397.00","4,416.00","4,415.20","4,425.19",1646224,7284853956.4,132903,949508.0,57.68
TCS,EQ,13-Dec-2024,"4,454.95","4,434.95","4,494.90","4,394.40","4,474.90","4,473.90","4,457.63",1967048,8768379842.0,153642,1069246.0,54.36
TCS,EQ,12-Dec-2024,"4,427.45","4,430.05","4,485.00","4,426.00","4,460.00","4,454.95","4,461.52",1914642,8542215590.15,149188,1047595.0,54.71
TCS,EQ,11-Dec-2024,"4,432.55","4,431.85","4,448.65","4,407.00","4,423.00","4,427.45","4,425.28",1635256,7236472507.4,108588,1005439.0,61.49
TCS,EQ,10-Dec-2024,"4,452.15","4,426.15","4,493.80","4,412.10","4,437.80","4,432.55","4,440.97",2087828,9271971917.9,142478,1219085.0,58.39
TCS,EQ,09-Dec-2024,"4,445.50","4,430.45","4,469.40","4,415.55","4,445.60","4,452.15","4,446.54",2066639,9189399351.95,127439,1501391.0,72.65
TCS,EQ,06-Dec-2024,"4,464.05","4,453.00","4,465.00","4,412.75","4,444.15","4,445.50","4,439.27",1842087,8177521134.6,138417,1145887.0,62.21
TCS,EQ,05-Dec-2024,"4,354.40","4,400.80","4,489.00","4,360.00","4,455.15","4,464.05","4,430.75",3746747,16600910836.35,260982,1901325.0,50.75
TCS,EQ,04-Dec-2024,"4,302.75","4,313.55","4,386.95","4,289.05","4,342.00","4,354.40","4,360.32",3302642,14400589848.0,217385,2223011.0,67.31
TCS,EQ,03-Dec-2024,"4,276.65","4,314.35","4,325.00","4,265.45","4,303.00","4,302.75","4,298.86",2010905,8644599154.7,144243,1314577.0,65.37
TCS,EQ,02-Dec-2024,"4,270.85","4,270.00","4,288.20","4,230.05","4,268.85","4,276.65","4,267.97",1670944,7131539607.8,158372,1114673.0,66.71
TCS,EQ,29-Nov-2024,"4,244.90","4,220.00","4,298.70","4,195.65","4,266.00","4,270.85","4,262.53",2017425,8599333668.25,133480,1206191.0,59.79
TCS,EQ,28-Nov-2024,"4,332.55","4,319.00","4,339.95","4,233.00","4,250.80","4,244.90","4,265.99",2558544,10914733802.8,165049,1539671.0,60.18
TCS,EQ,27-Nov-2024,"4,352.70","4,358.95","4,377.40","4,324.05","4,332.95","4,332.55","4,348.89",1558993,6779887252.4,118269,948396.0,60.83
TCS,EQ,26-Nov-2024,"4,315.10","4,321.05","4,366.60","4,310.00","4,351.00","4,352.70","4,337.42",2060669,8937980540.1,156578,1404367.0,68.15
TCS,EQ,25-Nov-2024,"4,244.60","4,280.00","4,328.10","4,252.20","4,320.00","4,315.10","4,303.42",4052167,17438178815.15,154060,2898609.0,71.53
TCS,EQ,22-Nov-2024,"4,072.85","4,071.00","4,254.95","4,054.00","4,221.95","4,244.60","4,186.15",3096553,12962640957.15,163715,1848709.0,59.70
TCS,EQ,21-Nov-2024,"4,039.55","4,044.90","4,092.45","4,024.00","4,068.00","4,072.85","4,058.28",2384347,9676346995.65,158009,1367616.0,57.36
TCS,EQ,19-Nov-2024,"4,019.50","4,019.90","4,132.15","4,014.10","4,042.00","4,039.55","4,080.53",1776233,7247968687.6,133137,1042954.0,58.72
TCS,EQ,18-Nov-2024,"4,145.90","4,213.00","4,213.00","3,990.20","4,017.15","4,019.50","4,071.97",3313944,13494296959.7,178320,1893074.0,57.12
TCS,EQ,14-Nov-2024,"4,150.35","4,135.00","4,160.00","4,116.45","4,148.00","4,145.90","4,142.32",1825432,7561531479.9,165379,1122028.0,61.47
TCS,EQ,13-Nov-2024,"4,197.40","4,178.10","4,196.75","4,131.05","4,151.65","4,150.35","4,155.05",1098813,4565628216.2,114945,702561.0,63.94
TCS,EQ,12-Nov-2024,"4,198.70","4,216.00","4,218.00","4,164.35","4,180.00","4,197.40","4,195.93",1587640,6661621166.75,102025,1106602.0,69.70
TCS,EQ,11-Nov-2024,"4,147.00","4,128.20","4,234.30","4,117.65","4,186.50","4,198.70","4,195.46",1406487,5900864157.1,149144,741937.0,52.75
TCS,EQ,08-Nov-2024,"4,150.90","4,155.00","4,169.75","4,117.65","4,135.65","4,147.00","4,141.50",1648039,6825348802.4,139776,945596.0,57.38
TCS,EQ,07-Nov-2024,"4,139.65","4,169.70","4,205.80","4,085.05","4,146.00","4,150.90","4,144.54",3724349,15435705018.25,189460,2579748.0,69.27
TCS,EQ,06-Nov-2024,"3,971.35","4,003.60","4,149.80","3,975.25","4,143.00","4,139.65","4,102.32",3792017,15556064937.35,233333,2491090.0,65.69
TCS,EQ,05-Nov-2024,"3,964.15","3,941.10","3,986.00","3,941.10","3,971.55","3,971.35","3,969.47",967590,3840820731.7,92042,552605.0,57.11
TCS,EQ,04-Nov-2024,"3,984.20","3,966.30","3,991.90","3,913.25","3,967.00","3,964.15","3,950.51",2269192,8964463071.95,199030,1490900.0,65.70
TCS,EQ,01-Nov-2024,"3,968.45","3,989.85","3,998.95","3,976.05","3,983.05","3,984.20","3,987.41",154895,617630511.6,18588,82548.0,53.29
TCS,EQ,31-Oct-2024,"4,084.65","4,070.00","4,078.30","3,960.00","3,975.00","3,968.45","3,980.19",3740372,14887381076.25,248757,2448263.0,65.46
TCS,EQ,30-Oct-2024,"4,075.25","4,075.00","4,107.00","4,060.05","4,071.20","4,084.65","4,093.47",1935002,7920876293.3,109837,1497222.0,77.38
TCS,EQ,29-Oct-2024,"4,090.85","4,095.85","4,103.50","4,060.10","4,080.00","4,075.25","4,075.78",1445885,5893106996.85,101205,1015147.0,70.21
TCS,EQ,28-Oct-2024,"4,057.55","4,068.95","4,134.00","4,051.00","4,090.05","4,090.85","4,092.04",1532534,6271197563.7,95406,1050314.0,68.53
TCS,EQ,25-Oct-2024,"4,047.90","4,057.05","4,092.00","4,032.70","4,060.00","4,057.55","4,063.37",1759676,7150208882.35,132353,964642.0,54.82
TCS,EQ,24-Oct-2024,"4,066.25","4,004.00","4,079.00","4,004.00","4,050.00","4,047.90","4,048.73",2676744,10837400632.35,111747,1948709.0,72.80
TCS,EQ,23-Oct-2024,"4,015.50","3,999.60","4,113.55","3,995.15","4,065.15","4,066.25","4,069.32",1966476,8002229160.45,129950,1191908.0,60.61
TCS,EQ,22-Oct-2024,"4,079.85","4,066.00","4,089.80","4,006.35","4,020.00","4,015.50","4,054.80",1928049,7817858767.15,178215,1341203.0,69.56
TCS,EQ,21-Oct-2024,"4,123.05","4,132.60","4,139.95","4,070.00","4,071.00","4,079.85","4,096.64",1595450,6535979616.1,118454,1055061.0,66.13
TCS,EQ,18-Oct-2024,"4,109.00","4,090.00","4,146.15","4,080.00","4,130.50","4,123.05","4,121.27",2361000,9730315576.7,160733,1297484.0,54.95
TCS,EQ,17-Oct-2024,"4,094.95","4,112.80","4,129.95","4,092.95","4,111.25","4,109.00","4,108.84",2522659,10365190148.65,215233,1879351.0,74.50
TCS,EQ,16-Oct-2024,"4,116.80","4,085.00","4,115.00","4,067.20","4,094.00","4,094.95","4,089.04",2359151,9646655679.4,192691,1611752.0,68.32
TCS,EQ,15-Oct-2024,"4,136.65","4,131.05","4,169.95","4,095.00","4,119.00","4,116.80","4,119.31",2759474,11367123225.35,154340,2022225.0,73.28
TCS,EQ,14-Oct-2024,"4,149.20","4,140.00","4,165.40","4,122.20","4,139.00","4,136.65","4,144.11",2137590,8858398067.15,140166,1414698.0,66.18
TCS,EQ,11-Oct-2024,"4,227.40","4,143.00","4,241.95","4,112.45","4,146.00","4,149.20","4,164.41",5759183,23983586815.7,377816,2942450.0,51.09
TCS,EQ,10-Oct-2024,"4,252.95","4,253.25","4,293.85","4,198.60","4,227.90","4,227.40","4,242.82",2378875,10093143863.45,176710,1219923.0,51.28
TCS,EQ,09-Oct-2024,"4,253.25","4,260.00","4,295.00","4,246.70","4,258.95","4,252.95","4,267.11",1082504,4619161345.7,102574,596826.0,55.13
TCS,EQ,08-Oct-2024,"4,272.85","4,272.60","4,279.40","4,203.95","4,259.40","4,253.25","4,239.02",1541867,6536012531.7,163898,904607.0,58.67
TCS,EQ,07-Oct-2024,"4,252.25","4,273.90","4,297.25","4,229.40","4,274.00","4,272.85","4,263.80",1472619,6278960109.95,117843,940293.0,63.85
TCS,EQ,04-Oct-2024,"4,232.75","4,225.00","4,298.00","4,224.05","4,251.90","4,252.25","4,256.15",2965463,12621465329.55,194588,1474539.0,49.72
TCS,EQ,03-Oct-2024,"4,287.90","4,262.60","4,279.00","4,210.00","4,232.50","4,232.75","4,233.39",3350119,14182364569.6,168212,2293281.0,68.45
TCS,EQ,01-Oct-2024,"4,268.50","4,255.55","4,295.75","4,242.95","4,283.25","4,287.90","4,271.73",1823365,7788915830.7,121772,1082513.0,59.37
TCS,EQ,01-Oct-2026,"2,050.60","2,052.60","2,093.90","2,045.10","2,075.00","2,075.00","2,070.85",3428501,7099910404.5,133083,1882153.0,54.90
TCS,EQ,30-Sep-2026,"2,032.40","2,069.00","2,101.00","2,050.60","2,050.60","2,050.60","2,072.60",3656425,7578320461.1,124004,1846172.0,50.49
TCS,EQ,29-Sep-2026,"2,070.70","2,065.00","2,085.10","2,032.40","2,032.40","2,032.40","2,045.45",4437783,9077278517.7,115910,2944983.0,66.36
TCS,EQ,28-Sep-2026,"2,082.00","2,100.00","2,100.00","2,051.00","2,070.70","2,070.70","2,073.28",2457049,5094158751.4,109560,1025136.0,41.72
TCS,EQ,25-Sep-2026,"2,087.00","2,054.00","2,090.20","2,038.10","2,082.00","2,082.00","2,072.59",3342195,6926987394.5,130106,1581726.0,47.33
TCS,EQ,24-Sep-2026,"2,089.60","2,076.00","2,096.90","2,067.10","2,087.00","2,087.00","2,083.17",1760662,3667760430.7,82859,770410.0,43.76
TCS,EQ,23-Sep-2026,"2,105.00","2,099.00","2,104.20","2,077.60","2,089.60","2,089.60","2,087.81",2228402,4652482720.1,112320,1212713.0,54.42
TCS,EQ,22-Sep-2026,"2,128.70","2,135.10","2,135.20","2,098.20","2,105.00","2,105.00","2,108.34",3641623,7677793595.3,108224,2002739.0,55.00
TCS,EQ,21-Sep-2026,"2,105.00","2,090.00","2,145.00","2,075.30","2,128.70","2,128.70","2,122.48",2330811,4947096582.7,99052,927858.0,39.81
TCS,EQ,18-Sep-2026,"2,190.00","2,177.20","2,177.30","2,101.20","2,105.00","2,105.00","2,117.95",6875428,14561828863.3,188367,3972356.0,57.78
TCS,EQ,17-Sep-2026,"2,188.80","2,171.00","2,263.60","2,162.50","2,190.00","2,190.00","2,199.14",3295917,7248174115.1,112948,1202973.0,36.50
TCS,EQ,16-Sep-2026,"2,251.00","2,270.00","2,273.90","2,172.00","2,188.80","2,188.80","2,211.09",2763709,6110796502.6,137572,1175082.0,42.52
TCS,EQ,15-Sep-2026,"2,200.80","2,275.50","2,323.00","2,251.00","2,251.00","2,251.00","2,295.85",5406210,12411828916.1,181099,2347086.0,43.41
TCS,EQ,11-Sep-2026,"2,204.10","2,185.50","2,232.60","2,185.50","2,200.80","2,200.80","2,210.94",2634124,5823896659.4,102069,1221983.0,50.96
TCS,EQ,10-Sep-2026,"2,208.00","2,199.00","2,232.00","2,190.60","2,204.10","2,204.10","2,205.28",2490912,5493146435.5,79204,1244751.0,49.97
TCS,EQ,09-Sep-2026,"2,255.50","2,237.00","2,237.00","2,193.20","2,208.00","2,208.00","2,207.41",3370071,7439143444.6,124491,2005311.0,59.50
TCS,EQ,08-Sep-2026,"2,270.00","2,270.00","2,274.50","2,244.00","2,255.50","2,255.50","2,263.52",2148114,4862308617.4,70112,1129391.0,52.58
TCS,EQ,07-Sep-2026,"2,304.00","2,290.10","2,299.90","2,260.10","2,270.00","2,270.00","2,273.31",2297551,5223048792.0,70867,1201565.0,52.30
TCS,EQ,04-Sep-2026,"2,320.10","2,330.00","2,363.90","2,302.40","2,304.00","2,304.00","2,320.69",2564322,5951009095.3,112846,1542024.0,60.13
TCS,EQ,03-Sep-2026,"2,348.00","2,353.60","2,353.60","2,316.10","2,320.10","2,320.10","2,332.39",1892786,4414710140.1,90065,887515.0,46.89
TCS,EQ,02-Sep-2026,"2,369.00","2,347.90","2,363.00","2,303.50","2,348.00","2,348.00","2,338.28",2533005,5922881120.1,96240,1215773.0,48.00
TCS,EQ,01-Sep-2026,"2,399.30","2,355.00","2,372.00","2,325.00","2,369.00","2,369.00","2,354.15",2678034,6304499313.4,84239,1231803.0,46.00
TCS,EQ,31-Aug-2026,"2,342.00","2,342.00","2,399.30","2,306.20","2,399.30","2,399.30","2,355.43",2905846,6844516701.5,69557,2027420.0,69.77
TCS,EQ,28-Aug-2026,"2,248.40","2,272.00","2,348.50","2,263.30","2,342.00","2,342.00","2,327.97",4054069,9437754087.9,155502,1604350.0,39.57
TCS,EQ,27-Aug-2026,"2,270.00","2,270.00","2,283.60","2,243.90","2,248.40","2,248.40","2,255.48",1709113,3854863391.0,131520,931995.0,54.53
TCS,EQ,26-Aug-2026,"2,296.20","2,305.10","2,306.30","2,266.40","2,270.00","2,270.00","2,277.39",1660737,3782146389.7,59558,906172.0,54.56
TCS,EQ,25-Aug-2026,"2,284.10","2,305.00","2,313.50","2,262.00","2,296.20","2,296.20","2,283.22",3041609,6944664134.3,106591,1144023.0,37.61
TCS,EQ,24-Aug-2026,"2,302.00","2,302.40","2,321.60","2,279.50","2,284.10","2,284.10","2,295.75",1542723,3541710701.3,64928,732967.0,47.51
TCS,EQ,21-Aug-2026,"2,298.00","2,290.10","2,307.20","2,263.30","2,302.00","2,302.00","2,290.60",2066749,4734104913.4,67486,759655.0,36.76
TCS,EQ,20-Aug-2026,"2,289.00","2,319.40","2,329.00","2,288.10","2,298.00","2,298.00","2,300.39",2047848,4710859154.3,77501,967365.0,47.24
TCS,EQ,19-Aug-2026,"2,280.00","2,293.60","2,308.20","2,258.30","2,289.00","2,289.00","2,278.77",3368922,7676987882.6,122060,1780817.0,52.86
TCS,EQ,18-Aug-2026,"2,313.20","2,300.00","2,307.00","2,280.00","2,280.00","2,280.00","2,288.70",1797822,4114677787.5,83531,799420.0,44.47
TCS,EQ,17-Aug-2026,"2,361.00","2,351.00","2,361.10","2,310.60","2,313.20","2,313.20","2,322.55",2237636,5197011547.5,94783,1171943.0,52.37
TCS,EQ,14-Aug-2026,"2,375.00","2,375.10","2,390.00","2,333.40","2,361.00","2,361.00","2,355.73",2232160,5258362456.3,76239,1141107.0,51.12
TCS,EQ,13-Aug-2026,"2,349.70","2,349.70","2,375.00","2,332.30","2,375.00","2,375.00","2,357.77",2123494,5006704619.1,95241,776824.0,36.58
TCS,EQ,12-Aug-2026,"2,445.70","2,445.70","2,445.80","2,300.10","2,349.70","2,349.70","2,341.12",7022647,16440882989.4,269920,2760210.0,39.30
TCS,EQ,11-Aug-2026,"2,425.70","2,438.00","2,456.60","2,428.00","2,445.70","2,445.70","2,439.75",1514105,3694041243.5,81637,619402.0,40.91
TCS,EQ,10-Aug-2026,"2,452.70","2,452.70","2,472.90","2,423.50","2,425.70","2,425.70","2,449.22",2322023,5687153770.3,119267,1136140.0,48.93
TCS,EQ,07-Aug-2026,"2,373.00","2,375.00","2,457.70","2,375.00","2,452.70","2,452.70","2,435.68",4547979,11077436216.6,294165,2379051.0,52.31
TCS,EQ,06-Aug-2026,"2,413.00","2,417.00","2,434.50","2,368.50","2,373.00","2,373.00","2,393.09",2729141,6531092780.4,116317,1375561.0,50.40
TCS,EQ,05-Aug-2026,"2,460.00","2,460.00","2,460.90","2,408.00","2,413.00","2,413.00","2,424.72",3014409,7309109003.3,115103,1846595.0,61.26
TCS,EQ,04-Aug-2026,"2,473.70","2,463.10","2,467.40","2,435.10","2,460.00","2,460.00","2,449.56",2792792,6841115260.5,91828,1507392.0,53.97
TCS,EQ,03-Aug-2026,"2,365.60","2,383.90","2,473.70","2,383.00","2,473.70","2,473.70","2,429.42",3036839,7377769245.8,130409,1495100.0,49.23
TCS,EQ,31-Jul-2026,"2,431.80","2,385.00","2,391.00","2,326.10","2,366.00","2,365.60","2,364.25",4343683,10269562982.9,164495,2379042.0,54.77
TCS,EQ,30-Jul-2026,"2,446.60","2,440.00","2,495.00","2,423.00","2,434.00","2,431.80","2,459.56",4901582,12055719188.1,168548,2449068.0,49.96
TCS,EQ,29-Jul-2026,"2,398.00","2,440.00","2,475.50","2,415.10","2,440.00","2,446.60","2,450.86",7169419,17571237330.3,207914,3951178.0,55.11
TCS,EQ,28-Jul-2026,"2,295.60","2,325.00","2,417.40","2,323.00","2,398.00","2,398.00","2,389.74",8248513,19711786830.0,256167,4139318.0,50.18
TCS,EQ,27-Jul-2026,"2,254.30","2,286.00","2,315.00","2,272.40","2,296.90","2,295.60","2,299.88",4007292,9216295835.2,162713,1895782.0,47.31
TCS,EQ,24-Jul-2026,"2,242.90","2,205.10","2,264.30","2,205.10","2,250.20","2,254.30","2,246.06",3211699,7213656139.4,123535,1276390.0,39.74
TCS,EQ,23-Jul-2026,"2,208.30","2,204.00","2,250.00","2,193.60","2,245.00","2,242.90","2,230.95",2503539,5585258736.2,122801,1004806.0,40.14
TCS,EQ,22-Jul-2026,"2,221.10","2,216.00","2,226.80","2,201.00","2,207.00","2,208.30","2,211.61",1599665,3537839940.5,76904,637466.0,39.85
TCS,EQ,21-Jul-2026,"2,251.10","2,245.10","2,259.90","2,218.50","2,219.00","2,221.10","2,229.94",2382160,5312074629.7,95890,1155975.0,48.53
TCS,EQ,20-Jul-2026,"2,269.00","2,280.10","2,283.40","2,245.10","2,251.00","2,251.10","2,257.07",2202693,4971623639.2,81615,920572.0,41.79
TCS,EQ,17-Jul-2026,"2,201.00","2,224.80","2,275.00","2,215.10","2,266.00","2,269.00","2,255.69",5615138,12666031000.1,195217,2288516.0,40.76
TCS,EQ,16-Jul-2026,"2,189.20","2,206.00","2,231.40","2,187.80","2,199.10","2,201.00","2,212.76",5197595,11501044792.2,173110,2135731.0,41.09
TCS,EQ,15-Jul-2026,"2,200.60","2,174.10","2,202.90","2,145.40","2,187.00","2,189.20","2,184.51",5426489,11854245157.3,196320,2548846.0,46.97
TCS,EQ,14-Jul-2026,"2,181.50","2,182.90","2,228.00","2,179.00","2,197.00","2,200.60","2,200.40",9546290,21005660491.1,272515,4496777.0,47.10
TCS,EQ,13-Jul-2026,"2,069.00","2,075.00","2,204.90","2,065.10","2,182.90","2,181.50","2,162.90",12382622,26782359193.5,381465,4621574.0,37.32
TCS,EQ,10-Jul-2026,"2,049.50","2,105.20","2,133.30","2,064.60","2,068.00","2,069.00","2,088.11",6714551,14020750878.1,232544,2034876.0,30.31
TCS,EQ,09-Jul-2026,"2,057.50","2,057.50","2,065.00","2,016.00","2,059.00","2,049.50","2,043.56",3791498,7748164028.4,162757,1182477.0,31.19
TCS,EQ,08-Jul-2026,"2,096.10","2,094.00","2,109.70","2,048.80","2,059.60","2,057.50","2,077.56",3666985,7618389000.0,148206,1788382.0,48.77
TCS,EQ,07-Jul-2026,"2,057.60","2,050.00","2,122.70","2,049.00","2,095.90","2,096.10","2,098.44",4769048,10007561030.2,184997,1865363.0,39.11
TCS,EQ,06-Jul-2026,"2,093.50","2,090.00","2,093.00","2,050.60","2,059.00","2,057.60","2,061.87",2567386,5293619608.8,174420,1367880.0,53.28
TCS,EQ,03-Jul-2026,"2,068.10","2,100.00","2,116.60","2,085.00","2,088.00","2,093.50","2,099.43",4028819,8458229638.5,207169,1961594.0,48.69
TCS,EQ,02-Jul-2026,"1,982.60","2,008.00","2,076.90","2,002.50","2,070.90","2,068.10","2,051.09",6040621,12389873438.8,238163,2843436.0,47.07
TCS,EQ,01-Jul-2026,"2,031.50","2,039.90","2,052.00","1,976.80","1,981.80","1,982.60","2,006.75",4658295,9348043502.8,220027,2417701.0,51.90
TCS,EQ,30-Jun-2026,"2,097.90","2,090.00","2,104.30","2,018.80","2,033.00","2,031.50","2,042.05",6848411,13984786947.6,294008,3789332.0,55.33
TCS,EQ,29-Jun-2026,"2,094.70","2,090.00","2,105.00","2,071.00","2,094.00","2,097.90","2,089.53",3412470,7130458833.1,162690,1862431.0,54.58
TCS,EQ,25-Jun-2026,"2,109.00","2,133.60","2,148.50","2,088.00","2,095.90","2,094.70","2,117.73",4738903,10035714708.1,177569,1948725.0,41.12
TCS,EQ,24-Jun-2026,"2,059.60","2,061.00","2,120.70","2,061.00","2,107.10","2,109.00","2,093.61",4747277,9938958483.5,180127,1909118.0,40.22
TCS,BL,24-Jun-2026,"3,019.00","2,059.60","2,059.60","2,059.60","2,059.60","2,059.60","2,059.60",183328,377582348.8,1,,-
TCS,EQ,23-Jun-2026,"2,127.80","2,111.00","2,114.00","2,055.00","2,060.00","2,059.60","2,073.42",6392736,13254806163.9,280238,3473372.0,54.33
TCS,EQ,22-Jun-2026,"2,125.00","2,132.20","2,157.00","2,121.00","2,129.50","2,127.80","2,135.79",4566101,9752228673.0,148495,2499593.0,54.74
TCS,EQ,19-Jun-2026,"2,203.30","2,105.00","2,138.00","2,059.90","2,135.90","2,125.00","2,089.19",13286502,27758042714.1,481812,6880131.0,51.78
TCS,EQ,18-Jun-2026,"2,223.00","2,209.00","2,214.00","2,182.00","2,202.50","2,203.30","2,197.22",3735188,8207025076.5,141783,1951368.0,52.24
TCS,EQ,17-Jun-2026,"2,199.00","2,209.00","2,231.00","2,200.70","2,221.00","2,223.00","2,220.40",2865010,6361471428.9,107237,1538998.0,53.72
TCS,EQ,16-Jun-2026,"2,162.00","2,167.00","2,209.00","2,160.60","2,197.90","2,199.00","2,189.97",3079898,6744889594.1,120376,1314406.0,42.68
TCS,EQ,15-Jun-2026,"2,161.40","2,192.00","2,192.00","2,159.30","2,162.60","2,162.00","2,170.27",3337083,7242375099.4,113160,2004587.0,60.07
TCS,EQ,12-Jun-2026,"2,135.60","2,150.00","2,168.00","2,138.00","2,161.10","2,161.40","2,153.15",2124656,4574695142.6,98414,910656.0,42.86
TCS,EQ,11-Jun-2026,"2,153.90","2,127.00","2,154.60","2,110.00","2,136.70","2,135.60","2,132.03",3079815,6566243978.9,146700,956732.0,31.06
TCS,EQ,10-Jun-2026,"2,151.00","2,151.30","2,180.80","2,144.80","2,151.80","2,153.90","2,162.42",2848650,6159963945.6,109866,1374325.0,48.24
TCS,EQ,09-Jun-2026,"2,151.40","2,174.00","2,174.00","2,132.80","2,152.00","2,151.00","2,148.74",4148655,8914399373.7,137800,1893020.0,45.63
TCS,EQ,08-Jun-2026,"2,198.90","2,170.00","2,177.00","2,143.30","2,149.40","2,151.40","2,158.30",6536734,14108236765.0,197493,3583697.0,54.82
TCS,EQ,05-Jun-2026,"2,241.00","2,262.90","2,271.80","2,192.00","2,196.00","2,198.90","2,219.87",5019717,11143126655.8,226269,2337405.0,46.56
TCS,EQ,04-Jun-2026,"2,241.70","2,241.70","2,253.10","2,216.60","2,243.00","2,241.00","2,236.45",4867263,10885412981.1,156136,2046859.0,42.05
TCS,EQ,03-Jun-2026,"2,446.90","2,393.00","2,393.00","2,224.80","2,245.00","2,241.70","2,267.78",15660062,35513638076.7,502630,6971192.0,44.52
TCS,EQ,02-Jun-2026,"2,297.40","2,320.00","2,457.40","2,316.20","2,451.10","2,446.90","2,419.08",11306127,27350473864.6,366391,5881072.0,52.02
TCS,EQ,01-Jun-2026,"2,258.90","2,284.00","2,335.00","2,280.00","2,296.40","2,297.40","2,300.81",7505095,17267797717.5,154067,4805276.0,64.03
TCS,EQ,29-May-2026,"2,284.20","2,291.00","2,334.00","2,235.00","2,256.00","2,258.90","2,271.96",16331582,37104629642.3,231376,11346245.0,69.47
TCS,EQ,27-May-2026,"2,276.20","2,275.00","2,295.60","2,260.90","2,289.90","2,284.20","2,276.47",2653950,6041627688.2,123480,1289140.0,48.57
TCS,EQ,26-May-2026,"2,308.20","2,308.20","2,327.90","2,272.40","2,281.40","2,276.20","2,289.98",3587597,8215534119.5,130719,1810291.0,50.46
TCS,EQ,25-May-2026,"2,317.30","2,325.00","2,326.10","2,293.00","2,307.40","2,308.20","2,310.30",3298364,7620224109.5,75809,2096906.0,63.57
TCS,EQ,22-May-2026,"2,327.20","2,331.10","2,340.00","2,308.10","2,317.90","2,317.30","2,323.55",2617262,6081346029.2,87846,1441496.0,55.08
TCS,EQ,21-May-2026,"2,327.40","2,331.00","2,335.90","2,314.00","2,325.40","2,327.20","2,324.25",3299087,7667913393.7,106203,1524694.0,46.22
TCS,EQ,20-May-2026,"2,327.10","2,323.90","2,342.00","2,317.80","2,324.10","2,327.40","2,332.61",2537422,5918803274.8,98920,1419151.0,55.93
TCS,EQ,19-May-2026,"2,283.20","2,300.00","2,377.60","2,297.10","2,330.00","2,327.10","2,347.34",10394707,24399867016.0,236124,5521832.0,53.12
TCS,EQ,18-May-2026,"2,264.00","2,264.00","2,292.90","2,252.20","2,289.90","2,283.20","2,277.12",3773336,8592331857.6,118965,1929481.0,51.13
TCS,EQ,15-May-2026,"2,246.00","2,252.00","2,304.90","2,252.00","2,267.00","2,264.00","2,280.06",3410637,7776469684.8,135890,1487406.0,43.61
TCS,EQ,14-May-2026,"2,272.80","2,265.00","2,265.00","2,206.40","2,249.90","2,246.00","2,236.83",5633313,12600736362.0,241132,2256075.0,40.05
TCS,EQ,13-May-2026,"2,300.30","2,306.00","2,309.20","2,269.00","2,274.00","2,272.80","2,285.14",3171843,7248098371.8,169055,1557378.0,49.10
TCS,EQ,12-May-2026,"2,392.90","2,375.00","2,375.00","2,283.00","2,303.50","2,300.30","2,302.30",6347884,14614716645.6,358785,3108189.0,48.96
TCS,EQ,11-May-2026,"2,394.40","2,371.00","2,415.00","2,371.00","2,400.00","2,392.90","2,397.63",1975188,4735775184.1,116550,938571.0,47.52
TCS,EQ,08-May-2026,"2,401.40","2,398.00","2,407.00","2,375.10","2,397.20","2,394.40","2,387.75",3792199,9054824056.0,184241,2153814.0,56.80
TCS,EQ,07-May-2026,"2,435.40","2,438.20","2,439.70","2,398.00","2,403.00","2,401.40","2,408.44",5829594,14040248979.0,167098,3669201.0,62.94
TCS,EQ,06-May-2026,"2,427.30","2,441.90","2,471.00","2,406.50","2,435.00","2,435.40","2,433.81",3147628,7660743017.8,130239,1632690.0,51.87
TCS,EQ,05-May-2026,"2,431.30","2,430.00","2,460.40","2,412.20","2,429.80","2,427.30","2,432.41",3385720,8235452650.2,134489,1321644.0,39.04
TCS,EQ,04-May-2026,"2,473.90","2,494.00","2,498.30","2,425.00","2,430.00","2,431.30","2,444.12",2632358,6433788855.3,145629,1361452.0,51.72
TCS,EQ,30-Apr-2026,"2,474.70","2,479.00","2,491.00","2,438.00","2,474.80","2,473.90","2,470.47",3970446,9808881103.1,175405,1866712.0,47.02
TCS,EQ,29-Apr-2026,"2,444.70","2,451.00","2,487.90","2,447.60","2,465.00","2,474.70","2,473.75",2835961,7015468503.5,145414,1545412.0,54.49
TCS,EQ,28-Apr-2026,"2,447.60","2,444.00","2,487.00","2,427.40","2,450.70","2,444.70","2,452.87",4508363,11058422250.7,202414,2766449.0,61.36
TCS,EQ,27-Apr-2026,"2,396.90","2,396.90","2,459.00","2,396.90","2,448.00","2,447.60","2,439.56",5853425,14279801556.7,226406,4094096.0,69.94
TCS,EQ,24-Apr-2026,"2,521.80","2,488.00","2,505.00","2,388.80","2,401.00","2,396.90","2,426.09",5107719,12391809512.4,300607,2843963.0,55.68
TCS,EQ,23-Apr-2026,"2,538.50","2,529.00","2,559.50","2,516.30","2,518.20","2,521.80","2,538.03",2509050,6368042336.2,116013,1171845.0,46.70
TCS,EQ,22-Apr-2026,"2,610.50","2,580.00","2,580.00","2,503.60","2,535.30","2,538.50","2,543.73",5232045,13308911672.1,234440,2856832.0,54.60
TCS,EQ,21-Apr-2026,"2,579.60","2,560.00","2,614.00","2,560.00","2,609.90","2,610.50","2,596.45",2719959,7062245701.1,126132,1265960.0,46.54
TCS,EQ,20-Apr-2026,"2,581.50","2,587.10","2,594.00","2,561.20","2,575.90","2,579.60","2,581.08",2288558,5906941172.8,124006,1139385.0,49.79
TCS,EQ,17-Apr-2026,"2,576.90","2,570.00","2,589.00","2,555.90","2,583.60","2,581.50","2,577.98",2718206,7007472973.5,131272,1679683.0,61.79
TCS,EQ,16-Apr-2026,"2,554.90","2,572.00","2,594.00","2,558.00","2,573.00","2,576.90","2,575.26",3905403,10057427039.8,174580,1580219.0,40.46
TCS,EQ,15-Apr-2026,"2,472.60","2,501.90","2,559.00","2,493.40","2,552.80","2,554.90","2,542.02",5261384,13374554360.5,186444,2740311.0,52.08
TCS,EQ,13-Apr-2026,"2,524.30","2,489.90","2,504.90","2,470.00","2,470.70","2,472.60","2,480.40",3739587,9275688865.0,152183,1463604.0,39.14
TCS,EQ,10-Apr-2026,"2,589.00","2,565.80","2,565.80","2,501.10","2,523.00","2,524.30","2,522.67",10480239,26438219057.0,373922,4380270.0,41.80
TCS,EQ,09-Apr-2026,"2,559.20","2,554.00","2,605.00","2,531.10","2,590.00","2,589.00","2,577.84",5628261,14508758087.8,218190,2013800.0,35.78
TCS,EQ,08-Apr-2026,"2,539.80","2,572.00","2,580.30","2,540.10","2,561.10","2,559.20","2,557.13",4769337,12195804701.3,236001,2166392.0,45.42
TCS,EQ,07-Apr-2026,"2,473.90","2,461.00","2,543.90","2,448.00","2,543.50","2,539.80","2,522.72",4516550,11393981114.0,219120,2300163.0,50.93
TCS,EQ,06-Apr-2026,"2,450.70","2,474.00","2,482.00","2,448.20","2,472.00","2,473.90","2,465.46",2572417,6342191751.1,118175,1158875.0,45.05
TCS,EQ,02-Apr-2026,"2,408.20","2,386.00","2,469.90","2,375.70","2,445.70","2,450.70","2,428.65",5378361,13062162395.4,253292,2810101.0,52.25
TCS,EQ,01-Apr-2026,"2,358.90","2,429.00","2,472.00","2,397.90","2,411.20","2,408.20","2,433.70",4132661,10057637617.8,147044,1975037.0,47.79
TCS,EQ,30-Mar-2026,"2,389.80","2,375.10","2,398.00","2,346.20","2,365.00","2,358.90","2,370.92",6804756,16133542829.3,186938,3520605.0,51.74
TCS,EQ,27-Mar-2026,"2,377.40","2,403.90","2,422.10","2,385.00","2,387.50","2,389.80","2,403.64",4979411,11968698699.2,204594,2429797.0,48.80
TCS,EQ,25-Mar-2026,"2,398.80","2,400.90","2,421.60","2,369.80","2,377.90","2,377.40","2,397.29",5843778,14009257427.9,216118,3697949.0,63.28
TCS,EQ,24-Mar-2026,"2,383.80","2,404.10","2,435.40","2,379.10","2,400.80","2,398.80","2,405.63",3420182,8227706052.4,174467,1773798.0,51.86
TCS,EQ,23-Mar-2026,"2,390.60","2,365.00","2,406.80","2,348.00","2,380.00","2,383.80","2,389.12",3860515,9223242939.1,214767,1719448.0,44.54
TCS,EQ,20-Mar-2026,"2,356.00","2,386.00","2,407.80","2,364.20","2,397.60","2,390.60","2,384.64",4206320,10030576230.9,186293,2435470.0,57.90
TCS,EQ,19-Mar-2026,"2,440.80","2,417.00","2,424.00","2,350.20","2,362.80","2,356.00","2,378.78",2757060,6558445932.6,171760,1412111.0,51.22
TCS,EQ,18-Mar-2026,"2,391.70","2,410.00","2,482.90","2,410.00","2,439.00","2,440.80","2,457.23",3082388,7574139825.8,149271,1209087.0,39.23
TCS,EQ,17-Mar-2026,"2,409.20","2,420.00","2,420.00","2,360.00","2,394.00","2,391.70","2,387.21",2993367,7145803596.0,207239,1419384.0,47.42
TCS,EQ,16-Mar-2026,"2,410.50","2,410.00","2,425.00","2,366.10","2,401.00","2,409.20","2,394.18",3807907,9116814433.0,169215,1714733.0,45.03
TCS,EQ,13-Mar-2026,"2,442.40","2,437.00","2,445.90","2,397.00","2,412.00","2,410.50","2,418.06",2466488,5964119962.4,180674,1262517.0,51.19
TCS,EQ,12-Mar-2026,"2,464.90","2,459.80","2,472.90","2,436.00","2,447.00","2,442.40","2,450.97",2752075,6745252596.1,165970,1319312.0,47.94
TCS,EQ,11-Mar-2026,"2,513.10","2,508.10","2,521.00","2,460.10","2,463.00","2,464.90","2,482.92",2720664,6755204516.5,192326,1433802.0,52.70
TCS,EQ,10-Mar-2026,"2,527.40","2,541.00","2,545.20","2,490.10","2,517.40","2,513.10","2,507.26",4323710,10840645308.2,214008,2372694.0,54.88
TCS,EQ,09-Mar-2026,"2,557.60","2,530.00","2,560.00","2,505.00","2,527.80","2,527.40","2,525.33",3653428,9226103997.6,191560,1897338.0,51.93
TCS,EQ,06-Mar-2026,"2,578.80","2,572.00","2,619.20","2,553.60","2,560.00","2,557.60","2,581.54",3998643,10322655875.3,143599,2597729.0,64.97
TCS,EQ,05-Mar-2026,"2,587.80","2,600.00","2,609.50","2,546.40","2,575.00","2,578.80","2,567.95",2960636,7602767475.6,186527,1090558.0,36.84
TCS,EQ,04-Mar-2026,"2,613.50","2,625.00","2,635.00","2,580.40","2,583.00","2,587.80","2,598.18",3446434,8954459042.6,193409,1905680.0,55.29
TCS,EQ,02-Mar-2026,"2,637.40","2,592.00","2,623.80","2,580.30","2,611.70","2,613.50","2,606.37",3374385,8794898070.1,227265,1608755.0,47.68
TCS,EQ,27-Feb-2026,"2,647.70","2,681.60","2,688.60","2,626.10","2,639.70","2,637.40","2,644.90",5083717,13445933670.9,166737,3300124.0,64.92
TCS,EQ,26-Feb-2026,"2,629.30","2,650.00","2,671.00","2,635.00","2,649.00","2,647.70","2,649.37",3464267,9178107812.8,148371,1582112.0,45.67
TCS,EQ,25-Feb-2026,"2,573.70","2,596.00","2,654.20","2,595.00","2,629.00","2,629.30","2,632.16",3621285,9531784527.2,170312,1584614.0,43.76
TCS,EQ,24-Feb-2026,"2,676.30","2,641.00","2,647.50","2,561.30","2,581.00","2,573.70","2,586.99",7798833,20175518856.6,424406,4812488.0,61.71
TCS,EQ,23-Feb-2026,"2,686.20","2,686.00","2,704.00","2,660.20","2,674.00","2,676.30","2,675.99",4699596,12576073695.1,171914,3214650.0,68.40
TCS,EQ,20-Feb-2026,"2,677.90","2,667.00","2,702.60","2,647.50","2,685.00","2,686.20","2,684.40",2293482,6156633439.2,98725,966093.0,42.12
TCS,EQ,19-Feb-2026,"2,694.90","2,708.00","2,748.70","2,666.60","2,675.00","2,677.90","2,709.33",3238849,8775099079.9,137884,1301446.0,40.18
TCS,EQ,18-Feb-2026,"2,717.40","2,730.00","2,730.00","2,657.30","2,694.50","2,694.90","2,687.82",2950820,7931264158.6,140494,1336904.0,45.31
TCS,EQ,17-Feb-2026,"2,706.60","2,716.00","2,760.00","2,695.20","2,719.80","2,717.40","2,735.60",4209118,11514452779.9,163505,1524494.0,36.22
TCS,EQ,16-Feb-2026,"2,692.20","2,700.00","2,719.80","2,671.00","2,713.00","2,706.60","2,692.22",2918730,7857874541.6,134363,1261501.0,43.22
TCS,EQ,13-Feb-2026,"2,750.10","2,585.00","2,713.00","2,585.00","2,695.00","2,692.20","2,649.41",11168735,29590599535.8,415060,4653582.0,41.67
TCS,EQ,12-Feb-2026,"2,909.80","2,869.80","2,880.00","2,740.00","2,741.90","2,750.10","2,778.17",10612156,29482335572.6,660406,6190643.0,58.34
TCS,EQ,11-Feb-2026,"2,984.60","2,980.00","2,998.00","2,904.20","2,909.00","2,909.80","2,938.39",3363513,9883323310.3,237669,2200770.0,65.43
TCS,EQ,10-Feb-2026,"2,948.20","2,949.80","3,011.60","2,943.50","2,983.00","2,984.60","2,985.30",3547763,10591145975.6,220699,2015776.0,56.82
TCS,EQ,09-Feb-2026,"2,941.60","2,959.10","2,977.00","2,937.50","2,951.00","2,948.20","2,949.18",2380318,7019976408.7,141131,1557664.0,65.44
TCS,EQ,06-Feb-2026,"2,991.50","2,976.60","2,985.00","2,916.00","2,940.30","2,941.60","2,934.09",4687389,13753236280.2,347514,2849084.0,60.78
TCS,EQ,05-Feb-2026,"2,999.10","2,990.00","3,029.70","2,972.30","2,991.70","2,991.50","3,000.10",3521545,10565002490.3,178696,1752189.0,49.76
TCS,EQ,04-Feb-2026,"3,225.30","3,120.00","3,120.00","2,986.00","2,999.90","2,999.10","3,020.56",10852595,32780947704.2,503705,6586991.0,60.70
TCS,EQ,03-Feb-2026,"3,169.60","3,350.00","3,350.00","3,186.30","3,220.00","3,225.30","3,231.27",4366060,14107906461.2,204924,2537328.0,58.11
TCS,EQ,02-Feb-2026,"3,186.90","3,198.00","3,198.00","3,134.00","3,167.00","3,169.60","3,164.69",2636272,8342986354.5,108170,1585558.0,60.14
TCS,EQ,01-Feb-2026,"3,123.90","3,123.80","3,234.00","3,105.20","3,178.20","3,186.90","3,182.48",3012937,9588609199.6,145412,1220232.0,40.50
TCS,EQ,30-Jan-2026,"3,144.40","3,141.00","3,141.00","3,092.00","3,129.00","3,123.90","3,121.64",3022068,9433821429.3,80949,2101964.0,69.55
TCS,EQ,29-Jan-2026,"3,200.10","3,200.10","3,200.10","3,125.60","3,139.00","3,144.40","3,143.88",2457641,7726526569.3,120763,1424483.0,57.96
TCS,EQ,28-Jan-2026,"3,158.00","3,176.00","3,205.20","3,170.60","3,199.00","3,200.10","3,191.18",2751234,8779679675.4,151790,2076924.0,75.49
TCS,EQ,27-Jan-2026,"3,162.50","3,175.00","3,175.00","3,130.00","3,167.00","3,158.00","3,146.85",4279874,13468114372.2,149619,2999663.0,70.09
TCS,EQ,23-Jan-2026,"3,150.40","3,190.30","3,194.50","3,152.00","3,157.00","3,162.50","3,176.59",2068857,6571905073.6,89144,1218491.0,58.90
TCS,EQ,22-Jan-2026,"3,122.60","3,150.00","3,160.00","3,122.30","3,152.20","3,150.40","3,142.82",2269827,7133663295.3,91528,1234423.0,54.38
TCS,EQ,21-Jan-2026,"3,102.30","3,100.00","3,138.50","3,082.00","3,122.00","3,122.60","3,112.68",2015150,6272510286.1,138565,1047132.0,51.96
TCS,EQ,20-Jan-2026,"3,163.60","3,151.60","3,160.00","3,091.10","3,104.20","3,102.30","3,127.35",4499273,14070802629.3,152322,2937139.0,65.28
TCS,EQ,19-Jan-2026,"3,206.70","3,188.00","3,220.00","3,152.10","3,161.00","3,163.60","3,168.85",3387562,10734671175.0,177858,2279253.0,67.28
TCS,EQ,16-Jan-2026,"3,192.50","3,219.40","3,221.90","3,171.00","3,209.00","3,206.70","3,200.62",4293470,13741776327.9,149121,2649992.0,61.72
TCS,EQ,14-Jan-2026,"3,268.00","3,260.00","3,260.00","3,183.00","3,197.80","3,192.50","3,205.64",3539511,11346386248.0,146477,2236476.0,63.19
TCS,EQ,13-Jan-2026,"3,239.60","3,245.00","3,280.00","3,210.50","3,263.00","3,268.00","3,251.44",5645341,18355497917.0,198353,2928026.0,51.87
TCS,EQ,12-Jan-2026,"3,207.80","3,203.00","3,252.00","3,174.30","3,243.00","3,239.60","3,212.14",2228342,7157753630.7,126371,1179907.0,52.95
TCS,EQ,09-Jan-2026,"3,203.90","3,191.00","3,229.70","3,191.00","3,212.60","3,207.80","3,209.44",1938673,6222059522.6,134640,1163231.0,60.00
TCS,EQ,08-Jan-2026,"3,295.60","3,286.90","3,286.90","3,182.00","3,196.00","3,203.90","3,211.48",4159336,13357635924.0,191554,2332774.0,56.09
TCS,EQ,07-Jan-2026,"3,255.80","3,242.90","3,300.60","3,223.20","3,294.00","3,295.60","3,284.64",1989442,6534592137.1,87338,1187319.0,59.68
TCS,EQ,06-Jan-2026,"3,216.10","3,210.00","3,263.20","3,205.00","3,256.80","3,255.80","3,242.40",2912325,9442929253.6,163408,2176224.0,74.72
TCS,EQ,05-Jan-2026,"3,250.70","3,240.50","3,247.00","3,191.00","3,213.00","3,216.10","3,220.21",2341703,7540784169.4,115281,1488966.0,63.58
TCS,EQ,02-Jan-2026,"3,227.40","3,234.00","3,254.30","3,219.50","3,245.70","3,250.70","3,241.10",1184324,3838516572.7,63356,743388.0,62.77
TCS,EQ,01-Jan-2026,"3,206.20","3,215.00","3,234.10","3,198.20","3,225.00","3,227.40","3,219.97",1255735,4043425200.1,56642,497590.0,39.63
TCS,EQ,31-Dec-2025,"3,246.80","3,240.00","3,246.00","3,198.50","3,210.00","3,206.20","3,216.08",3362634,10814502991.9,145683,2428193.0,72.21
TCS,EQ,30-Dec-2025,"3,251.50","3,250.00","3,267.50","3,239.50","3,255.00","3,246.80","3,250.64",2807593,9126473823.5,184541,1939014.0,69.06
TCS,EQ,29-Dec-2025,"3,280.00","3,280.00","3,288.00","3,242.90","3,256.00","3,251.50","3,254.98",2079473,6768650796.4,117390,1403152.0,67.48
TCS,EQ,26-Dec-2025,"3,319.00","3,313.10","3,320.00","3,271.80","3,276.80","3,280.00","3,287.91",1176664,3868759940.6,89363,738341.0,62.75
TCS,EQ,24-Dec-2025,"3,310.00","3,304.10","3,327.10","3,296.10","3,313.10","3,319.00","3,312.41",1367708,4530413590.9,84873,753755.0,55.11
TCS,EQ,23-Dec-2025,"3,324.90","3,319.90","3,319.90","3,293.50","3,305.10","3,310.00","3,304.76",2365420,7817155849.9,139216,1069663.0,45.22
TCS,EQ,22-Dec-2025,"3,282.00","3,310.00","3,328.60","3,291.00","3,324.90","3,324.90","3,314.14",2632816,8725523457.1,101733,1733705.0,65.85
TCS,EQ,19-Dec-2025,"3,280.80","3,299.00","3,317.90","3,278.80","3,285.00","3,282.00","3,295.00",3902511,12858780664.3,122711,2437494.0,62.46
TCS,EQ,18-Dec-2025,"3,217.80","3,228.00","3,287.80","3,221.00","3,281.20","3,280.80","3,260.45",2307422,7523225819.8,166551,1185210.0,51.37
TCS,EQ,17-Dec-2025,"3,205.10","3,200.50","3,236.90","3,200.50","3,217.80","3,217.80","3,218.60",1376350,4429915958.7,88357,821318.0,59.67
TCS,EQ,16-Dec-2025,"3,230.20","3,220.00","3,220.00","3,191.10","3,206.60","3,205.10","3,204.68",1734623,5558913487.8,97265,1029972.0,59.38
TCS,EQ,15-Dec-2025,"3,220.50","3,211.10","3,238.20","3,197.30","3,227.00","3,230.20","3,220.97",1562190,5031766680.7,107289,970452.0,62.12
TCS,EQ,12-Dec-2025,"3,191.90","3,197.70","3,223.00","3,185.70","3,220.10","3,220.50","3,209.12",1146554,3679424706.9,83968,740058.0,64.55
TCS,EQ,11-Dec-2025,"3,189.20","3,205.00","3,208.40","3,153.10","3,193.90","3,191.90","3,184.35",1914362,6095995407.3,100793,944111.0,49.32
TCS,EQ,10-Dec-2025,"3,208.30","3,225.00","3,225.00","3,178.10","3,185.00","3,189.20","3,191.56",1386849,4426207513.5,82261,722010.0,52.06
TCS,EQ,09-Dec-2025,"3,236.50","3,230.00","3,233.70","3,181.20","3,208.00","3,208.30","3,201.08",2734893,8754608897.6,138787,1262341.0,46.16
TCS,EQ,08-Dec-2025,"3,238.20","3,243.00","3,259.90","3,208.60","3,237.90","3,236.50","3,236.92",2544725,8237058645.9,121186,1536350.0,60.37
TCS,EQ,05-Dec-2025,"3,229.20","3,230.00","3,271.60","3,222.40","3,241.00","3,238.20","3,246.03",5244013,17022214888.3,178219,3239404.0,61.77
TCS,EQ,04-Dec-2025,"3,180.00","3,194.00","3,250.00","3,187.40","3,227.00","3,229.20","3,231.21",5025905,16239749623.2,185585,3363573.0,66.92
TCS,EQ,03-Dec-2025,"3,135.70","3,140.00","3,211.90","3,139.00","3,180.00","3,180.00","3,185.48",3952112,12589378283.4,192454,2122464.0,53.70
TCS,EQ,02-Dec-2025,"3,133.40","3,131.00","3,144.00","3,120.40","3,137.50","3,135.70","3,133.36",2512003,7871011640.6,127701,1603990.0,63.85
TCS,EQ,01-Dec-2025,"3,137.50","3,137.90","3,154.00","3,122.20","3,138.00","3,133.40","3,133.29",1747647,5475878282.2,130698,1072880.0,61.39
TCS,EQ,28-Nov-2025,"3,136.60","3,140.00","3,147.30","3,125.00","3,135.90","3,137.50","3,137.82",1616690,5072888841.3,79463,1002178.0,61.99
TCS,EQ,27-Nov-2025,"3,162.90","3,180.00","3,180.00","3,125.00","3,134.00","3,136.60","3,142.97",2836233,8914192099.1,171374,1656213.0,58.39
TCS,EQ,26-Nov-2025,"3,119.20","3,118.80","3,178.00","3,117.00","3,162.90","3,162.90","3,157.95",2508527,7921809747.0,112405,1616953.0,64.46
TCS,EQ,25-Nov-2025,"3,141.20","3,145.30","3,149.80","3,115.00","3,115.70","3,119.20","3,127.55",2737920,8562968101.7,144573,1619081.0,59.14
TCS,EQ,24-Nov-2025,"3,150.60","3,158.00","3,178.90","3,131.00","3,134.00","3,141.20","3,151.71",6703764,21128317183.5,176937,4763581.0,71.06
TCS,EQ,21-Nov-2025,"3,144.80","3,144.80","3,170.00","3,135.20","3,150.00","3,150.60","3,153.22",4177037,13171133172.8,136571,2277567.0,54.53
TCS,EQ,20-Nov-2025,"3,147.70","3,148.00","3,164.50","3,138.10","3,149.80","3,144.80","3,152.05",2700767,8512940687.7,113822,1467605.0,54.34
TCS,EQ,19-Nov-2025,"3,087.10","3,097.00","3,155.00","3,083.50","3,147.00","3,147.70","3,136.67",3151053,9883820509.8,160625,1788158.0,56.75
TCS,EQ,18-Nov-2025,"3,102.20","3,102.00","3,105.00","3,078.00","3,080.10","3,087.10","3,090.92",2548350,7876755648.9,110903,1403839.0,55.09
TCS,EQ,17-Nov-2025,"3,106.00","3,106.00","3,123.50","3,086.60","3,100.00","3,102.20","3,099.87",2232853,6921546326.9,96155,1388889.0,62.20
TCS,EQ,14-Nov-2025,"3,105.70","3,090.00","3,113.10","3,077.30","3,112.00","3,106.00","3,095.35",2210794,6843177119.9,105008,1541959.0,69.75
TCS,EQ,13-Nov-2025,"3,131.80","3,131.80","3,131.90","3,102.00","3,104.80","3,105.70","3,113.07",1740435,5418091012.5,120845,1055344.0,60.64
TCS,EQ,12-Nov-2025,"3,047.00","3,060.00","3,136.40","3,057.10","3,125.10","3,131.80","3,114.78",4460315,13892902410.2,175446,3015019.0,67.60
TCS,EQ,11-Nov-2025,"3,025.20","3,045.00","3,055.70","3,018.00","3,049.00","3,047.00","3,037.03",2806868,8524541738.5,112361,1342988.0,47.85
TCS,EQ,10-Nov-2025,"2,991.80","2,993.00","3,047.90","2,992.00","3,025.00","3,025.20","3,022.51",1556656,4705008219.7,78119,816069.0,52.42
TCS,EQ,07-Nov-2025,"3,010.90","3,001.00","3,004.00","2,960.50","2,993.50","2,991.80","2,979.65",1830520,5454308584.3,106949,1109024.0,60.59
TCS,EQ,06-Nov-2025,"2,990.20","2,990.10","3,024.00","2,990.00","3,010.00","3,010.90","3,010.50",2542721,7654860638.8,200775,1413297.0,55.58
TCS,EQ,04-Nov-2025,"3,016.80","3,019.60","3,029.30","2,976.00","2,987.70","2,990.20","2,992.11",2670720,7991078689.6,168525,1483484.0,55.55
TCS,EQ,03-Nov-2025,"3,058.00","3,046.90","3,058.00","3,010.00","3,019.50","3,016.80","3,024.83",2194877,6639124030.7,101452,1336910.0,60.91
TCS,EQ,31-Oct-2025,"3,035.30","3,035.00","3,067.40","3,025.10","3,060.00","3,058.00","3,055.61",1868085,5708136334.3,81376,1061052.0,56.80
TCS,EQ,30-Oct-2025,"3,057.60","3,049.10","3,063.80","3,032.80","3,035.50","3,035.30","3,039.99",2241536,6814245032.0,115244,1419911.0,63.35
TCS,EQ,29-Oct-2025,"3,057.90","3,057.90","3,076.00","3,046.10","3,060.00","3,057.60","3,061.14",2895420,8863286092.5,116138,2028880.0,70.07
TCS,EQ,28-Oct-2025,"3,084.90","3,076.00","3,090.20","3,040.20","3,059.80","3,057.90","3,059.27",3470737,10617938168.3,140326,1858414.0,53.55
TCS,EQ,27-Oct-2025,"3,063.20","3,066.50","3,094.20","3,060.20","3,083.00","3,084.90","3,083.94",1946312,6002314206.6,85517,1279790.0,65.75
TCS,EQ,24-Oct-2025,"3,073.20","3,080.00","3,090.00","3,058.30","3,060.60","3,063.20","3,073.62",2684318,8250573087.8,187127,1740995.0,64.86
TCS,EQ,23-Oct-2025,"3,006.70","3,055.00","3,098.00","3,036.10","3,070.00","3,073.20","3,075.63",5564758,17115135296.0,290229,3539362.0,63.60
TCS,EQ,21-Oct-2025,"3,015.20","3,031.10","3,031.80","2,996.00","3,000.00","3,006.70","3,013.14",310644,936015414.7,29319,199309.0,64.17
TCS,EQ,20-Oct-2025,"2,962.20","2,985.50","3,023.00","2,978.50","3,016.30","3,015.20","3,007.54",3133039,9422754243.3,163532,1765113.0,56.34
TCS,EQ,17-Oct-2025,"2,970.70","2,970.00","2,988.80","2,955.40","2,963.00","2,962.20","2,967.59",4374683,12982248748.3,165312,2944104.0,67.30
TCS,EQ,16-Oct-2025,"2,969.80","2,969.90","2,975.00","2,943.10","2,971.80","2,970.70","2,961.98",3251495,9630875594.5,197293,1909746.0,58.73
TCS,EQ,15-Oct-2025,"2,960.30","2,971.00","2,979.70","2,951.00","2,970.00","2,969.80","2,967.01",4282226,12705386117.2,146773,2906314.0,67.87
TCS,EQ,14-Oct-2025,"3,007.20","3,021.00","3,027.20","2,955.50","2,960.00","2,960.30","2,976.34",3611416,10748794587.5,183673,2106071.0,58.32
TCS,EQ,13-Oct-2025,"3,028.30","3,027.00","3,035.50","2,998.20","3,006.00","3,007.20","3,011.37",2866865,8633180149.1,169572,1677710.0,58.52
TCS,EQ,10-Oct-2025,"3,061.70","3,050.00","3,070.00","3,006.90","3,028.00","3,028.30","3,032.16",8817365,26735629672.6,244153,4524359.0,51.31
TCS,EQ,09-Oct-2025,"3,027.20","3,034.00","3,066.00","3,020.00","3,060.20","3,061.70","3,046.36",3211304,9782798225.6,133703,1513007.0,47.12
TCS,EQ,08-Oct-2025,"2,973.70","2,975.00","3,043.00","2,968.00","3,031.50","3,027.20","3,024.78",4121889,12467811108.5,154336,2290062.0,55.56
TCS,EQ,07-Oct-2025,"2,988.40","2,995.00","3,004.50","2,955.50","2,975.00","2,973.70","2,971.70",3062943,9102139525.6,141987,1493126.0,48.75
TCS,EQ,06-Oct-2025,"2,901.90","2,902.00","2,993.60","2,895.60","2,988.00","2,988.40","2,959.88",2112774,6253556716.3,100920,876175.0,41.47
TCS,EQ,03-Oct-2025,"2,914.20","2,924.00","2,924.00","2,891.10","2,903.00","2,901.90","2,902.27",2899519,8415175156.2,156466,2106576.0,72.65
TCS,EQ,01-Oct-2025,"2,888.40","2,891.00","2,924.80","2,866.60","2,915.10","2,914.20","2,897.26",1952902,5658070903.0,124217,953174.0,48.81
